Qin,RECOVERY,CODin,CIin,HARDin,SSin,NH3Nin,LASin,CHROMin,CODout,CIout,HARDout,SSout,NH3Nout,LASout,CHROMout,LEVEL,YEAR,COST
1320,0.99,10,5000,200,0.1,5,0,0,8,5000,200,0,4,0,0,3,2,142000
72,0.5,900,95000,36000,20,1440,2.25,0,50,100,1,0,200,0.13,0,1,3,4183400
45,0.99,10,50,1,10,5,0.05,0,5,50,1,0.1,5,0.03,0,3,3,60000
1848,0.67,50,2000,350,1,5,0.42,0,5,50,30,0,1,0.04,0,1,6,2486000
240,0.99,45,2500,250,1,5,0.23,0,25,2500,20,0.1,3,0.13,0,3,3,115000
1200,0.7,10,1000,50,5,0,0,0,2,30,5,0,0,0,0,2,8,1350000
96,0.875,30,3000,50,1,0.5,0.06,0,10,500,8,0,0,0.02,0,2,8,208300
320,0.75,200,2000,10,0,150,0,0,40,60,1,0,45,0,0,2,1,312500
350,0.891,200,2000,100,1,150,0,0,64,118,1.6,0,72,0,0,2,1,1260300
70,0.67,10,5500,10,0,0,0,0,2,200,1,0,0,0,0,2,1,352000
20,0.99,50,7000,50,1,1,0.25,0,30,7000,50,0.1,1,0.15,0,3,4,32000
240,0.7,45,3800,1400,2,1,0.09,0,15,120,5,0,0.1,0.03,0,3,6,328300
70,1,10,6000,500,10,0,0,0,10,5500,10,0,0,0,0,2,1,482600
540,1,40,5000,50,1,2,0.2,0,5,200,2,0,0.5,0.03,0,2,3,6695000
3200,0.9,5,500,120,0.2,0.5,0.1,0,4,500,120,0,0.5,0.08,0,1,2,2444000
55,0.69,600,40000,200,1,120,3,0,180,3000,20,0,36,0.9,0,1,3,2415000
9000,0.75,80,12000,5,0,4,0.8,0,20,400,0.1,0,1,0.2,0,2,1,9250000
320,0.9,800,8000,40,0,600,0,0,64,118,1.6,0,72,0,0,2,1,495300
475.2,0.675,10,2000,100,2,1,0,0,3,80,10,0,0.5,0,0,2,2,717000
270,1,200,3000,100,0,50,0,0,200,3000,10,0,50,0,0,2,2,135000
3200,0.85,20,50,1,0,1,0.1,0,10,5,0,0,0.5,0.05,0,1,3,4980000
800,0.9,30,2000,40,0.5,5,0.15,0,20,2000,40,0,5,0.1,0,1,3,480000
108,1,800,85000,400,1000,1440,2,0,800,85000,100,0.1,1440,2,0,1,3,620000
720,0.99,10,3000,0,1,0,0,0,5,3000,0,0,0,0,0,3,2,128000
540,1,20,4000,30,0.1,2,0.1,0,5,200,2,0,0.5,0.03,0,2,3,6360000
475.2,0.913,30,350,40,0,2,0,0,9,140,17,0,0.8,0,0,2,2,1271600
57,0.86,600,40000,200,2,120,3,0,600,40000,200,0.1,120,3,0,1,3,287500
2976,0.99,5,1000,100,1,1,0,0,5,1000,100,0.1,1,0,0,3,2,265000
960,0.7,45,3400,1400,2,1,0.09,0,15,110,5,0,0.1,0.03,0,3,6,1078000
570,0.4,110,24000,100,1,2,0.55,0,20,1100,5,0,0.5,0.1,0,2,4,269000
925,1,40,100000,3200,0.4,4,0.1,0,20,5500,11.5,0,1.75,0.05,0,2,3,52354000
6720,1,200,30000,500,0.1,0,0,0,150,30000,5,0,0,0,0,1,1,4440000
240,0.99,45,2500,250,0.1,5,0.23,0,25,2500,250,0.1,3,0.13,0,3,3,65000
800,0.765,80,4000,200,0.1,4,0.8,0,22,212,17,0,2.5,0.22,0,2,1,2097000
126,0.43,800,85000,400,10,1440,2,0,50,100,1,0,200,0.13,0,1,3,4110000
7000,0.6,10,5000,50,0.1,0,0.05,0,2,200,2,0,0,0.01,0,2,2,5314500
150,1,10,10000,100,0.1,0.4,0,0,3,120,8,0,0.1,0,0,3,4,2112000
720,0.75,10,3000,0,1,0,0,0,1,100,0,0,0,0,0,2,2,1013000
120,1,50,2000,50,0.1,5,0,0,14.5,98,5,0,1.3,0,0,2,1,1786000
800,0.8,80,25000,150,0,35,0,0,80,10000,20,0,15,0,0,2,1,4520000
900,0.985,20,2000,10,1,8,0.02,0,10,80,1,0,2,0.01,0,1,8,3056000
43.2,1,160,32000,1600,0.4,16,0,0,160,32000,100,1,16,0,0,2,2,275000
792,1,20,3200,50,5000,2,0.04,0,20,3200,50,0.5,2,0.04,0,1,6,923000
5280,0.77,60,3000,200,10,0,0.3,0,27,146,12,0,0,0.14,0,1,3,8355000
600,0.5,150,2000,1000,5,10,1,0,20,50,5,0,2,0.13,0,2,9,760000
480,0.65,45,2500,800,10,0.5,0,0,5,100,1,0,0.1,0,0,2,6,734900
540,0.99,200,2000,100,0,150,0,0,64,118,1.6,0,72,0,0,2,2,1372300
720,0.98,50,2000,40,10,5,0.25,0,30,2000,40,0.5,5,0.15,0,2,3,360000
5000,0.855,150,9000,350,50,15,0.38,0,45,550,6,0,7,0.11,0,1,4,18662000
11880,0.99,6.4,16252,4253,600,1,0,0,6.4,16252,200,1,1,0,0,3,3,3491210
12,1,210,15000,120,3,6,0.42,0,30,200,10,0,2,0.06,0,2,5,1578400
480,1,10,5000,10,1,0,0,0,10,3000,10,0,0,0,0,3,2,42500
540,1,200,2000,100,0,150,0,0,200,2000,10,0,150,0,0,2,1,204000
1440,1,10,4000,500,10,2,0.05,0,10,4000,150,0.1,2,0.05,0,2,2,487500
2976,0.99,5,1000,100,1,1,0,0,2,1000,100,0,0.8,0,0,3,2,570000
96,0.75,75,1200,500,0.1,20,0.19,0,20,40,20,0,5,0.05,0,2,3,325500
265,0.99,20,1000,10,1,0,0,0,20,1000,10,0.1,0,0,0,3,2,37500
8880,0.99,1000,10000,200,10,40,5,0,900,10000,200,5,40,4.5,0,2,3,943000
1800,0.95,60,12000,50,7,1,0.3,0,55,12000,50,0.5,1,0.28,0,3,4,422500
288,0.5,50,20250,375,1.25,2.5,0.25,0,4,1000,20,0,0.8,0.02,0,2,4,225000
450,0.75,48,8000,400,0.1,4,0,0,20,200,10,0,2,0,0,2,3,435000
7235,0.99,50,4500,750,0.1,2,0.1,0,50,4500,10,0.1,1,0.1,0,1,6,2130000
55,0.99,10,50,1,1,50,0.05,0,5,50,1,0,20,0.03,0,1,3,267000
2640,0.99,50,3500,1000,100,3,0.5,0,45,3500,200,2,3,0.45,0,3,6,502000
72,1,400,30000,150,0.5,200,0,0,300,1500,20,0,200,0,0,2,1,4692000
50,0.85,450,21000,350,5000,20,2.25,40,250,17000,35,1,10,1.25,30,2,7,977300
80,0.9,800,15000,5,0.1,850,0,0,800,15000,5,0,850,0,0,3,1,215000
10,1,2000,20000,4,0,400,0,0,100,1000,1,0,20,0,0,2,1,1400000
120,0.75,50,2000,50,0.1,5,0,0,10,80,5,0,1,0,0,2,1,304000
2750,0.9,35,1500,10,10,1,0.07,0,30,1500,10,0.1,1,0.06,0,2,6,1125700
150,0.7,10,10000,100,0.1,0.4,0,0,2,60,5,0,0.1,0,0,2,4,260000
480,0.99,20,2500,800,0.1,0.5,0,0,20,2500,10,0.1,0.5,0,0,3,6,65200
70,1,10,6000,500,10,0,0,0,10,5500,100,0.1,0,0,0,3,1,417400
540,0.75,200,2000,100,0,150,0,0,40,60,1,0,45,0,0,2,1,586500
135,0.96,800,8000,40,0,600,0,0,160,350,4,0,180,0,0,3,2,785800
26400,0.9,20,10000,200,0.5,0,0,0,20,10000,200,0,0,0,0,1,1,10950000
5000,0.75,5,500,200,1000,1,0.01,0,1,25,10,0,0.1,0,0,3,6,6350000
7000,0.99,10,5000,50,1,0,0.05,0,8,5000,50,0,0,0.04,0,3,2,1135000
488,0.61,700,17000,5,0,850,0,0,30,20,0,0,30,0,0,2,1,1054500
875,0.7,85,4285,28,0.3,2.8,0.17,0,15,170,4,0,0.8,0.03,0,2,6,589800
3200,0.99,5,400,300,0.1,1,0.01,0,2,400,300,0.1,0.5,0,0,1,6,520000
4800,1,15,1000,1200,272,1,0.04,0,15,1000,200,10,1,0.04,0,3,3,920000
244,0.7,40,9000,180,0.1,2,0.1,0,10,300,10,0,0.5,0.03,0,2,3,232000
3500,0.75,2,1000,100,0,0.8,0,0,2,40,5,0,0.2,0,0,1,2,3050000
38,0.684,180,3000,20,0,36,0.9,0,60,150,10,0,15,0.3,0,1,3,372500
25400,0.64,100,10000,200,1,8,0.25,0,5,30,1,0,1,0.01,0,3,4,21030000
25,1,160,6000,400,4,20,0,0,40,290,14,0,4,0,0,2,1,1645500
280.8,0.9,10,1000,10,0,0,0,0,3.5,53,1.2,0,0,0,0,2,2,379000
792,0.7,20,3200,50,5000,2,0.04,0,5,120,5,0.1,1,0.01,0,1,6,1420000
43.2,1,160,32000,100,1,16,0,0,30,350,40,0,2,0,0,2,2,4615000
947.3333333,0.75,10,3000,0,0.1,0,0,0,1,100,0,0,0,0,0,3,2,953000
50,0.85,500,18000,1000,5,20,2.5,30,400,16200,50,1,18,2,10,1,2,420000
960,0.7,45,3800,1400,0.2,1,0.09,0,15,110,5,0,0.1,0.03,0,3,6,906000
800,0.885,700,30000,200,0.1,0,0,0,700,500,1,0,0,0,0,3,1,7020000
1065.6,0.75,15,3000,100,1,1,0,0,4,100,5,0,0.3,0,0,2,2,2078000
1250,0.875,180,8000,400,0.5,20,1.8,0,60,500,25,0,8,0.6,0,2,4,2713120
1200,0.95,40,13000,400,10,1,0.2,0,35,13000,400,0.5,1,0.18,0,2,4,325000
520,0.7,20,2200,50,6000,2,0.04,0,5,75,5,0.1,1,0.01,0,1,6,1134100
710.5,0.6,24,12960,0,0,0,0,0,5,400,0,0,0,0,0,1,2,700000
137,0.78,2400,60000,35,0,2500,0,0,500,10000,10,0,500,0,0,3,1,1650000
2976,0.99,5,1000,100,0.1,1,0,0,2,1000,100,0,0.8,0,0,3,2,305000
3157.777778,0.75,10,2500,0,0.1,0,0,0,1,83,0,0,0,0,0,3,2,3255000
1968,0.99,35,2000,100,2,3,0,0,35,2000,100,0.5,3,0,0,3,3,226700
312,0.5,720,32000,150,0.5,80,7.2,0,100,1000,10,0,20,1,0,2,4,816800
70,1,10,5500,100,0.1,0,0,0,3,266,1.7,0,0,0,0,2,1,2020200
87,1,600,40000,2000,100,120,3,0,600,40000,800,20,120,3,0,3,3,334000
350,0.81,200,2000,100,1,150,0,0,64,118,1.6,0,72,0,0,2,1,832300
800,0.943,700,30000,200,1,0,0,0,700,16000,50,0,0,0,0,3,1,2577700
105.6,1,100,30000,1000,0,10,0,0,100,30000,150,3000,10,0,0,3,2,200000
2400,0.65,50,2000,300,1,5,0.25,0,10,60,20,0,1,0.05,0,2,4,2680000
240,0.9,50,2000,1500,5,5,0.25,0,12,90,8,0,1,0.06,0,2,4,695020
2160,0.987,5,3240,0,0,0,0,0,1,100,0,0,0,0,0,2,2,5790000
270,0.965,70,6600,30,3,25,0.07,0,20,150,5,0,10,0.02,0,1,8,1956000
1320,0.9,50,5000,400,1,3,1,0,35,5000,400,0,2,0.7,0,2,2,1145500
1968,0.99,35,2000,100,0.5,3,0,0,15,2000,100,0.5,1,0,0,3,3,276490
4320,0.63,100,1000,5,3,3,0.5,0,10,5,0,0,0.5,0.05,0,2,3,12172000
70,1,10,5500,100,1,0,0,0,10,5500,100,0.1,0,0,0,3,1,36200
127.5,0.75,300,12000,50,1,20,1.5,10,40,720,5,0,10,0.2,0,3,7,571000
95,0.84,800,15000,5,0.1,850,0,0,100,400,0.5,0,100,0,0,2,1,992000
800,0.99,700,30000,200,1,0,0,0,700,30000,200,0,0,0,0,3,1,755200
240,0.98,50,2000,150,3,5,0.25,0,50,2000,150,1,5,0.25,0,3,4,42000
800,0.9,50,2400,40,10,5,0,0,20,2400,40,0,5,0,0,3,4,500000
55,0.75,10,50,1,0.1,50,0.05,0,2,5,0,0,10,0.01,0,1,3,419000
5000,1,5,500,200,1000,1,0.01,0,4,500,200,10,1,0.01,0,3,6,230000
528,0.9,45,2500,800,10,0.5,0,0,45,2500,800,5,0.5,0,0,3,6,272000
4320,0.75,15,1000,1200,272,1,0.04,0,4,30,6,0,0.3,0.01,0,1,3,7380000
84,0.43,800,85000,100,0.1,1440,2,0,50,100,1,0,200,0.13,0,1,3,3032840
3200,0.99,5,400,300,2,1,0.01,0,5,400,300,0.1,1,0.01,0,1,6,423000
284.2,0.9,60,32400,0,0,0,0,0,40,10000,0,0,0,0,0,3,2,2550000
141,0.6,40,17600,40,0,0,0,0,10,1000,5,0,0,0,0,2,2,257000
600,0.891,200,2000,100,1,150,0,0,64,118,1.6,0,72,0,0,2,1,1635300
70.2,0.6,40,4000,40,0,0,0,0,10,120,2,0,0,0,0,2,2,152000
540,0.9,800,8000,40,0,600,0,0,64,118,1.6,0,72,0,0,2,2,610300
170,0.79,200,3000,100,1,50,0,0,64,180,1.6,0,24,0,0,2,1,453000
1200,0.99,10,1000,50,5,0,0,0,10,1000,50,1,0,0,0,2,8,200000
1800,0.67,40,2000,200,5,2,0.08,0,5,60,10,0,0.5,0.01,0,1,4,3350000
270,0.75,200,3000,100,0,50,0,0,40,100,1,0,15,0,0,2,2,370200
200,0.75,250,12000,500,2.5,15,1.25,0,20,300,30,0,3,0.1,0,1,5,2800000
240,0.65,30,5000,200,1,4,0.15,0,10,200,20,0,2,0.05,0,2,3,300000
480,0.75,10,5000,10,1,0,0,0,2,120,1,0,0,0,0,2,2,397700
2640,0.56,10,3800,120,1,1,0.02,0,2,130,20,0,0.1,0,0,1,6,3238705
200,1,50,2000,160,1,1,0.1,0,5,50,10,0.1,0.1,0.01,0,2,6,377100
62,0.613,600,40000,200,0.1,120,3,0,180,3000,20,0,36,0.9,0,1,3,2150000
6720,1,200,30000,3000,10,0,0,0,200,30000,500,0.1,0,0,0,2,1,5400000
48,0.75,100,2500,10,0,600,0.25,0,50,100,1,0,200,0.13,0,2,3,208590
94.73333333,0.9,60,32400,0,0,0,0,0,40,10000,0,0,0,0,0,3,2,1150000
200,1,200,3000,100,0,50,0,0,200,3000,10,0,50,0,0,2,1,115000
510,0.5,150,6600,30,1,15,3,0,12,200,1,0,3,0.24,0,2,8,1150000
33,0.9,140000,20000,10,3000,500,0,0,180,2000,1,0.1,20,0,0,1,3,8590000
4800,0.9,15,1000,200,10,1,0.04,0,15,1000,200,0.1,1,0.04,0,1,3,2680000
3500,0.75,2,2000,100,0,0.8,0,0,2,60,5,0,0.2,0,0,1,2,3050000
2500,1,35,1500,10,1,1,0.07,0,6,120,2,0,0.2,0.01,0,2,6,17835500
6720,0.6,200,30000,3000,10,0,0,0,30,1000,0.1,0,0,0,0,1,1,18920000
84,0.5,90,15000,600,0.1,10,0.45,0,30,600,50,0,5,0.15,0,2,3,224000
594,0.99,40,5000,50,5,2,0.2,0,20,5000,50,1,2,0.1,0,2,3,200000
10700,0.99,1,2000,200,1,0,0.02,0,1,2000,200,0.5,0,0.02,0,3,2,895000
100,1,40,1500,100,0,4,0,0,17.5,147.5,7,0,1.75,0,0,2,1,2007500
2500,0.895,30,1500,10,0.1,1,0.06,0,6,110,1.8,0,0.15,0.01,0,2,6,1732100
300,0.75,800,15000,50,1,850,0,0,100,400,0.5,0,100,0,0,2,1,1245500
11880,0.99,6.4,16252,200,10,1,0,0,6.4,16252,200,1,1,0,0,3,3,1520000
5280,0.9,60,3000,200,1,0,0.3,0,60,3000,200,0,0,0.3,0,1,3,2800000
1800,0.99,40,2000,200,5,2,0.2,0,40,2000,200,1,2,0.2,0,2,3,324000
600,0.9,200,2000,100,1,150,0,0,200,2000,100,0,150,0,0,3,1,263000
170,0.9,200,3000,100,1,50,0,0,200,3000,100,0,50,0,0,3,1,102800
720,1,320,18000,1200,0,0,1.6,0,100,300,50,0,0,0.5,0,1,3,16500000
504,0.52,200,20000,200,0,4,0,0,5,600,2,0,0.5,0,0,1,1,650000
351,0.85,100,400,0.5,0,100,0,0,30,20,0,0,30,0,0,2,1,295000
5280,0.99,50,4000,200,5,0,0,0,50,4000,200,1,0,0,0,2,3,620000
126,0.57,800,85000,400,1000,1440,2,0,100,2500,10,0,600,0.25,0,1,3,3870000
96,1,30,3000,50,5,0.5,0.06,0,10,262,5,0.1,0,0.02,0,3,8,882000
108,1,800,90000,2000,10,1440,2,0,800,85000,400,10,1440,2,0,3,3,352000
5000,0.75,45,2000,100,0.5,5,0.45,0,15,80,5,0,1,0.15,0,2,4,4057990
200,0.9,800,12000,40,0,200,0,0,64,180,1.6,0,24,0,0,2,1,290200
5280,0.99,60,3000,200,10,0,0.3,0,60,3000,200,1,0,0.3,0,3,3,520000
2842,0.9,5,3240,0,0,0,0,0,1,100,0,0,0,0,0,1,2,3240000
80,0.813,700,17000,5,0,850,0,0,30,20,0,0,30,0,0,2,1,929000
5280,0.9,50,4000,200,5,0,0,0,50,4000,200,0.1,0,0,0,2,3,3420000
540,0.75,200,2000,10,0,150,0,0,40,60,1,0,45,0,0,2,1,382500
727.2,0.913,30,350,40,0,2,0,0,9,140,17,0,0.8,0,0,2,2,1510000
900,0.7,50,2000,10,1,10,0.05,0,10,50,1,0,2,0.01,0,1,8,1325000
87,0.67,600,40000,200,2,120,3,0,180,3000,20,0,36,0.9,0,1,3,2586700
312,1,720,32000,150,8,80,7.2,0,120,1200,10,0,30,1.2,0,3,4,6742390
2500,0.825,35,1500,10,10,1,0.07,0,5,80,1.5,0,0.2,0.01,0,2,6,2632500
10700,0.75,1,2000,200,0.5,0,0.02,0,0.2,100,10,0,0,0,0,1,2,18060000
528,0.9,45,2500,800,5,0.5,0,0,40,2500,800,0.5,0.5,0,0,3,6,230000
7400,0.5,250,33000,660,0.7,25,0.63,0,50,1000,10,0,5,0.13,0,3,4,10362400
10700,0.95,1,2000,200,1,0,0.02,0,0.8,2000,200,0,0,0.02,0,1,2,7705000
2016,0.75,50,5000,50,0,1,0,0,5,120,2,0,0.2,0,0,1,1,2000000
5000,0.75,50,5000,100,5,5,0.5,0,15,80,5,0,1,0.15,0,3,4,6925290
720,0.67,30,2000,40,0.5,5,0.15,0,5,50,2,0,1,0.03,0,1,3,1040000
2500,1,35,1500,10,10,1,0.07,0,6,120,2,0,0.2,0.01,0,2,6,18107800
720,0.99,50,2400,40,1,5,0,0,30,2400,40,0.5,5,0,0,3,4,160000
1440,0.75,10,4000,500,10,2,0.05,0,2,100,5,0,0.2,0.01,0,2,2,1742500
330,0.91,700,17000,5,0,850,0,0,100,400,0.5,0,100,0,0,2,1,2409500
2640,0.56,8,3800,120,0.5,0.5,0.02,0,2,130,20,0,0.1,0,0,1,6,2813705
90,0.6,800,15000,500,1,850,0,0,30,20,0,0,30,0,0,2,1,1136200
350,0.75,400,18000,300,0.5,20,2,0,40,720,0.75,0,8,0.2,0,1,3,2168000
2640,0.9,30,3500,200,1,1.5,0.3,0,25,3500,200,0.1,1.5,0.25,0,3,6,1132000
2160,0.987,10,3000,0,1,0,0,0,1,100,0,0,0,0,0,2,2,6280000
90,1,800,15000,150,1,850,0,0,100,400,0.5,0,100,0,0,2,1,3729200
10800,0.905,6.4,16252,800,100,1,0,0,2,800,20,0,0,0,0,1,3,91059788
1800,0.45,60,12000,50,7,1,0.3,0,10,500,2,0,0.2,0.05,0,2,4,1253750
1848,0.67,50,2000,350,0.1,5,0.42,0,5,50,30,0,1,0.04,0,1,6,2065702
80,1,800,15000,500,1,850,0,0,800,15000,5,0.1,850,0,0,2,1,517200
70,0.9,10,5500,100,5,0,0,0,2.3,250,1.5,0,0,0,0,2,1,712600
132,0.77,40,2000,50,0,3,0,0,10,80,5,0,1,0,0,2,1,252000
72,0.67,5,400,100,1,0.1,0.01,0,0,4,0.5,0,0,0,0,1,6,227100
45,0.875,10,50,1,10,5,0.05,0,1.7,6,0.2,0,2.6,0.01,0,1,3,520000
3400,0.5,40,3200,100,0.2,1,0,0,5,80,4,0,0,0,0,1,6,2742000
2160,0.99,10,3000,0,0.1,0,0,0,5,3000,0,0,0,0,0,3,2,265000
2976,0.71,5,1000,100,1,1,0,0,1,4,1,0,0.1,0,0,1,2,5470000
1800,1,35,2000,100,2,3,0,0,8.6,155,7,0,1,0,0,3,3,9070490
20000,0.815,100,10000,200,10,8,0.25,0,5,30,1,0,1,0.01,0,3,4,34242400
550,1,10,10000,100,0.1,0.4,0,0,3,120,8,0,0.1,0,0,3,4,5212000
7235,0.7,50,4500,750,0.1,2,0.1,0,5,150,5,0,0.5,0.01,0,1,6,6154000
240,1,50,2000,150,10,5,0.25,0,15,120,10,0,2,0.08,0,2,4,2468020
800,1,100,25000,150,0.5,45,0,0,80,25000,150,0,35,0,0,3,1,120000
925,0.5,40,100000,3200,0.4,4,0.1,0,15,3000,8,0,1.5,0.04,0,2,3,22354000
600,0.9,200,2000,100,1,150,0,0,200,2000,100,0,150,0,0,3,2,263000
600,0.99,150,2000,1000,15,10,1,0,150,2000,1000,5,10,1,0,2,9,60000
30,1,140000,20000,10,3000,500,0,0,50,100,1,0,1,0,0,1,3,11654867
2160,0.75,10,3000,0,1,0,0,0,1,100,0,0,0,0,0,2,2,3030000
2400,0.65,6,3800,120,0.1,0.5,0.01,0,2,130,20,0,0.1,0,0,1,6,1514705
2750,0.9,35,1500,10,1,1,0.07,0,30,1500,10,0.1,1,0.06,0,2,6,853400
4800,0.65,15,1000,200,10,1,0.04,0,4,30,6,0,0.3,0.01,0,1,3,6460000
2400,0.65,10,3800,120,10,1,0.02,0,2,130,20,0,0.1,0,0,1,6,3514505
1320,0.7,8,5000,200,0,4,0,0,5,200,10,0,3,0,0,1,2,1152000
2160,0.99,10,3000,0,1,0,0,0,5,3000,0,0,0,0,0,3,2,490000
19.2,1,2000,100000,750,2.5,1000,50,0,500,1000,20,0,500,12.5,0,2,1,1062000
925,1,35,100000,320,5,4,0.09,0,20,5500,11.5,0,1.75,0.05,0,2,3,51802000
90,1,700,17000,5,0,850,0,0,30,20,0,0,30,0,0,2,1,3514000
55,0.76,35,2500,20,2,1,0.07,0,12,120,2,0,0.3,0.02,0,2,5,959800
82,0.73,15,150,3,0,0.3,0.03,0,3,10,1,0,0.1,0.01,0,1,5,345000
240,1,10,1000,10,1,0,0,0,10,1000,10,0,0,0,0,3,2,35300
42.5,0.75,500,16200,50,1,20,2.5,10,50,700,5,0.5,10,0.25,0,1,2,520000
5000,0.7,120,9000,30,0.5,12,0.3,0,30,400,5,0,4,0.08,0,1,4,5525000
2640,0.9,50,3500,1000,100,3,0.5,0,25,3500,200,0.1,1.5,0.25,0,3,6,2086000
660,1,10,2000,100,2,1,0,0,9.75,147.5,17.5,0,0.875,0,0,2,2,5975000
727.2,0.9,10,2000,600,5,1,0,0,10,2000,100,0.1,1,0,0,3,2,750000
11880,0.823,6.4,16252,200,10,1,0,0,2,800,20,0,0,0,0,1,3,90007788
84,0.43,800,85000,400,10,1440,2,0,50,100,1,0,200,0.13,0,1,3,3571620
72,1,900,95000,36000,20,1440,2.25,0,800,85000,100,0.1,1440,2,0,1,3,1150560
240,0.99,50,5200,50,2,2,0,0,30,5200,50,0,1,0,0,3,2,83000
1800,1,35,2000,100,2,3,0,0,8.6,155,7,0,1,0,0,3,3,9297190
1370,0.9,60,2000,450,20,10,0.5,0,50,2000,450,1,10,0.42,0,1,5,723000
720,1,10,1000,1000,200,1,0,0,10,1000,200,5,1,0,0,3,1,658800
108,0.94,900,95000,36000,20,1440,2.25,0,60,1000,30,0,200,0.15,0,1,3,7934000
150,1,10,2000,100,1,0.4,0,0,3,120,8,0,0.1,0,0,3,4,2312000
540,0.75,40,5000,50,5,2,0.2,0,5,200,2,0,0.5,0.03,0,1,3,780000
200,1,200,1000,50,1,30,0,0,200,1000,50,0.1,30,0,0,3,1,48100
4320,0.9,100,1000,5,3,3,0.5,0,90,1000,5,0.2,3,0.45,0,3,3,1620000
14000,1,100,2000,1000,5,1,0.5,0,90,2000,120,1,1,0.45,0,3,2,950000
144,1,50,10000,200,0.5,3,0.13,0,4,15,1,0,0.2,0.01,0,3,3,2299400
72,0.94,900,95000,36000,20,1440,2.25,0,60,1000,30,0,200,0.15,0,1,3,5799800
200,1,200,1000,50,1,30,0,0,100,1000,50,0,20,0,0,3,1,106300
300,0.9,800,15000,50,1,850,0,0,800,15000,50,1,850,0,0,2,1,673500
72,1,800,15000,500,1,850,0,0,30,20,0,0,30,0,0,2,1,4246200
2200,0.99,10,500,50,5,0,0,0,10,500,50,1,0,0,0,2,7,321000
25400,0.7,100,10000,200,1,8,0.25,0,20,500,10,0,2,0.05,0,3,4,14410000
5280,0.9,50,4000,200,1,0,0,0,50,4000,200,0.1,0,0,0,1,3,2800000
6720,1,200,30000,500,0.1,0,0,0,150,30000,500,0,0,0,0,3,1,640000
9000,0.95,100,12000,1500,50,5,1,0,35,633,0.3,0,1.6,0.35,0,2,1,32450000
30,0.72,140000,20000,2,20,450,0,0,50,100,1,0,1,0,0,1,3,10284867
108,0.5,900,95000,36000,20,1440,2.25,0,50,100,1,0,200,0.13,0,1,3,4814000
240,0.7,50,5200,50,2,2,0,0,10,200,2,0,0.5,0,0,2,2,298000
720,0.98,50,2400,40,10,5,0,0,30,2400,40,0.5,5,0,0,3,4,280000
18000,0.98,100,3000,1000,5,1,0.5,0,60,3000,120,0,0.5,0.3,0,3,2,4250000
240,0.7,40,2000,150,0.2,4,0.2,0,10,80,6,0,1,0.05,0,2,4,245020
600,0.85,400,20000,1200,5500,20,2,40,200,20000,50,0,15,1,10,1,3,4470000
960,1,15,3000,100,1,1,0,0,15,3000,100,0,1,0,0,2,2,1010000
70,0.9,10,6000,500,10,0,0,0,2.3,250,1.5,0,0,0,0,2,1,1057600
70,1,10,5500,100,1,0,0,0,3,266,1.7,0,0,0,0,2,1,2056400
20,0.75,4500,20000,200,50,1200,4.5,40,1000,1500,100,0.5,300,1,0,1,4,1800000
4800,1,10,1500,800,200,0,0,0,10,1500,220,20,0,0,0,1,4,3120000
2500,0.65,35,1500,10,10,1,0.07,0,3,45,1,0,0.1,0.01,0,2,6,2268000
1320,0.54,40,5000,400,0.2,2,0.8,0,10,200,20,0,0.5,0.2,0,1,2,1947500
2976,0.99,5,2000,100,1,1,0,0,5,2000,100,0.1,1,0,0,3,2,265000
330,0.9,800,15000,50,0,850,0,0,800,15000,5,0,850,0,0,2,1,608500
1340,0.98,50,5000,400,1,3,1,0,40,5000,400,0.2,2,0.8,0,2,2,348000
240,0.99,30,5000,200,1,4,0.15,0,30,5000,200,0.1,4,0.15,0,3,3,50000
600,0.6375,400,20000,1200,2,20,2,30,40,800,2,0,8,0.2,0,1,3,5000000
20,1,50,7000,50,1,1,0.25,0,5,200,3,0,0.5,0.03,0,3,4,820000
50,0.52,600,40000,200,0.1,120,3,0,60,150,10,0,15,0.3,0,1,3,2522500
2640,0.99,45,3500,200,15,3,0.45,0,45,3500,200,2,3,0.45,0,3,6,382000
3200,0.75,5,400,300,0.1,1,0.01,0,1,15,15,0,0.1,0,0,1,6,3097000
2640,0.98,10,4500,2400,100,1,0.02,0,8,3800,120,0.5,0.5,0.02,0,1,6,1036765
80,1,800,15000,500,1,850,0,0,30,20,0,0,30,0,0,2,1,3921200
300,0.75,800,15000,50,0,850,0,0,100,400,0.5,0,100,0,0,2,1,1180500
330,0.9,10,1600,20,40,1,0.02,0,8,1600,12,1,1,0.02,0,1,6,300000
240,1,10,1000,10,1,0,0,0,10,1000,10,0,0,0,0,3,2,35300
564,1,10,4400,10,0,0,0,0,4,340,2,0,0,0,0,2,2,3617800
47,0.83,2,5,0,0,10,0.01,0,1,2,0,0,5,0.01,0,1,3,226000
93,0.613,600,40000,200,0.1,120,3,0,180,3000,20,0,36,0.9,0,1,3,2220000
789.4444444,0.6,24,10800,0,0,0,0,0,5,330,0,0,0,0,0,1,2,810000
2200,0.9,10,1500,650,5,1,0.02,0,10,1500,10,0.1,1,0.02,0,3,6,1195000
150,0.6375,400,18000,1000,5,30,2,30,40,720,5,0,10,0.2,0,3,7,1123000
2346,0.675,200,20000,200,0,4,0,0,1,4,0.1,0,0,0,0,1,1,2300000
570,0.99,20,1000,10,1,0,0,0,20,1000,10,0.1,0,0,0,3,2,65000
7000,0.6,10,5000,50,1,0,0.05,0,2,200,2,0,0,0.01,0,2,2,5837500
800,0.9,100,4000,200,0.2,5,1,0,80,4000,200,0,4,0.8,0,1,1,1009000
800,0.9,80,4000,200,0.1,4,0.8,0,80,4000,200,0,4,0.8,0,1,1,824000
2040,0.63,60,3000,200,1,0,0.3,0,15,80,5,0,0,0.08,0,1,2,3519450
200,0.75,200,1000,50,1,30,0,0,32,50,2.7,0,9,0,0,2,1,562300
130,0.85,200,16000,800,0,20,1,0,180,14000,100,0,10,0.9,0,1,2,741000
2160,0.987,10,3000,0,0.1,0,0,0,1,100,0,0,0,0,0,2,2,6055000
2400,1,10,4500,2400,100,1,0.02,0,6,3800,120,0.1,0.5,0.01,0,1,6,2335765
2640,0.9,10,3800,120,1,1,0.02,0,6,3800,120,0.1,0.5,0.01,0,1,6,1724000
170,0.9,200,3000,100,1,50,0,0,200,3000,10,0,50,0,0,2,1,202800
90,0.75,800,15000,150,0,850,0,0,100,400,0.5,0,100,0,0,2,1,619200
170,0.85,10,300,10,0,0.5,0.03,0,4,15,1,0,0.2,0.01,0,2,3,194200
1440,0.875,180,9000,600,0,0,0.9,0,67,300,30,0,0,0.34,0,1,3,9485000
960,0.99,45,3400,1400,2,1,0.09,0,45,3400,1400,0.2,1,0.09,0,3,6,172000
72,0.835,35,2500,20,0.5,1,0.07,0,12,120,2,0,0.3,0.02,0,1,5,707500
200,0.6,50,2400,100,0.5,3,0.25,0,3,80,5,0,1,0.02,0,1,5,425000
330,0.91,800,15000,50,0,850,0,0,100,400,0.5,0,100,0,0,2,1,2830500
200,0.6375,500,20000,1000,5000,20,2.5,40,50,800,5,0.5,10,0.25,0,1,8,2310000
240,0.9,50,2000,150,10,5,0.25,0,12,90,8,0,1,0.06,0,2,4,497020
1320,0.7,10,5000,200,0.1,5,0,0,5,200,10,0,3,0,0,1,2,1294000
6720,0.6,150,30000,500,0,0,0,0,30,1000,0.1,0,0,0,0,1,1,12880000
105,0.9,80,1200,500,10,20,0.2,0,75,1200,500,0.1,20,0.19,0,2,3,214500
1320,0.54,50,5000,400,0.5,3,1,0,10,200,20,0,0.5,0.2,0,1,2,2140500
80,1,800,15000,5,0.1,850,0,0,30,20,0,0,30,0,0,2,1,3729000
1340,0.99,50,5000,400,1,3,1,0,50,5000,400,0.5,3,1,0,2,2,155000
244,0.6,40,9000,180,0.1,2,0.1,0,4,15,1,0,0.2,0.01,0,2,3,426200
7400,0.5,200,33000,200,10,20,0.5,0,50,1000,10,0,5,0.13,0,3,4,9442400
10700,0.673,1,2000,200,1,0,0.02,0,0,10,1,0,0,0,0,1,2,26475000
432,0.75,10,2000,100,0.1,1,0,0,3,80,10,0,0.5,0,0,2,2,452000
50,0.83,35,2500,20,10,1,0.07,0,12,120,2,0,0.3,0.02,0,2,5,1117045
800,0.9,30,2400,40,0.5,5,0,0,20,2400,40,0,5,0,0,3,4,220000
75,0.52,600,40000,2000,100,120,3,0,30,2000,10,1,1,0.15,0,1,3,3650000
2400,0.87,10,2500,0,0.1,0,0,0,1,83,0,0,0,0,0,2,2,4065000
800,1,100,25000,150,10,45,0,0,100,25000,150,0.5,45,0,0,3,1,105000
100,1,50,1500,100,1,5,0,0,17.5,147.5,7,0,1.75,0,0,2,1,2052700
55,0.99,10,50,1,1,50,0.05,0,10,50,1,0.1,50,0.05,0,1,3,203000
15037,0.65,6.4,16252,200,0.1,1,0,0,2,800,20,0,0,0,0,1,3,19032500
2842,0.75,10,3000,0,0.1,0,0,0,1,100,0,0,0,0,0,3,2,2805000
216,0.5,267,13000,667,0,13,2.67,0,30,500,50,0,5,0.3,0,2,1,375000
23.1,1,30,16500,30,0,0,0,0,5,400,3,0,0,0,0,2,1,1603000
55,1,10,50,1,0.1,50,0.05,0,2,5,0,0,10,0.01,0,3,3,1244000
72,1,133,6666,500,0.7,13,0.67,0,35,400,35,0,2,0.18,0,2,4,2151000
155,1,720,32000,150,0.5,80,7.2,0,120,1200,10,0,30,1.2,0,3,4,6660390
280.8,0.75,10,1000,10,0,0,0,0,2,40,1,0,0,0,0,2,2,227000
72,1,800,90000,2000,10,1440,2,0,800,85000,400,10,1440,2,0,3,3,257335
24,1,105,7500,60,1.5,3,0.21,0,23,200,6,0,0.8,0.05,0,2,5,1761400
2200,0.75,10,500,50,1,0,0,0,1,20,2,0,0,0,0,2,7,3951000
55,1,35,2500,20,10,1,0.07,0,35,2500,20,2,1,0.07,0,2,5,157245
2625,0.8,2,40,5,0,0.2,0,0,1,4,1,0,0.1,0,0,1,2,1850000
150,0.6375,400,18000,1000,5500,30,2,40,40,720,5,0,10,0.2,0,3,7,1469000
2640,0.98,45,3500,200,15,3,0.45,0,30,3500,200,1,1.5,0.3,0,3,6,834000
200,0.9,100,1000,50,0,20,0,0,32,50,2.7,0,9,0,0,2,1,456000
600,1,150,2000,1000,0.5,10,1,0,100,2000,1000,0.5,5,0.67,0,3,9,100000
84,0.57,800,90000,2000,10,1440,2,0,100,2500,10,0,600,0.25,0,1,3,3668920
1100,0.67,50,2500,350,0.1,5,0.42,0,5,50,30,0,1,0.04,0,1,8,960000
10800,0.905,6.4,16252,4253,600,1,0,0,2,800,20,0,0,0,0,1,3,25773710
9960,0.9,100,12000,1500,50,5,1,0,80,12000,5,0,4,0.8,0,2,1,9250000
240,0.99,45,3800,1400,2,1,0.09,0,45,3800,1400,0.2,1,0.09,0,3,6,55200
960,1,15,3000,100,0,1,0,0,5.7,157,6.5,0,0.8,0,0,2,2,8325000
540,0.75,40,5000,50,1,2,0.2,0,5,200,2,0,0.5,0.03,0,1,3,695000
1800,0.9,40,2000,200,5,2,0.2,0,18,2000,200,0.1,1,0.09,0,1,3,1721000
300,0.9,800,15000,5,0.1,850,0,0,800,15000,5,0,850,0,0,3,1,187500
5.5,1,40,400,8,1,40,0.2,0,5,50,1,0.1,5,0.03,0,3,3,650000
25400,0.64,100,11000,2000,100,10,0.25,0,5,30,1,0,1,0.01,0,3,4,26030000
50,1,35,2500,20,0.5,1,0.07,0,18,140,3,0,0.3,0.04,0,2,5,2285900
10,1,60,14000,100,0.2,2,0.3,0,10,400,10,0,1,0.05,0,3,4,632000
3400,0.99,50,3200,100,2,1,0,0,50,3200,100,0.5,1,0,0,1,6,423000
2400,0.65,50,2000,300,0.2,5,0.25,0,10,60,20,0,1,0.05,0,1,4,1812000
300,1,10,1600,20,8000,1,0.02,0,8,1600,12,1,1,0.02,0,1,6,400000
320,0.75,200,2000,100,0,150,0,0,40,60,1,0,45,0,0,2,1,466500
26400,0.45,20,10000,200,0.5,0,0,0,5,500,10,0,0,0,0,1,1,21610000
1700,0.5,80,6400,200,0.4,2,0,0,8,150,6,0,0.1,0,0,1,6,1127000
540,0.917,40,5000,50,1,2,0.2,0,5,200,2,0,0.5,0.03,0,1,3,4245000
710.5,0.96,20,12960,0,0,0,0,0,18,4000,0,0,0,0,0,2,2,3250000
3400,0.99,50,3200,100,0.5,1,0,0,40,3200,100,0.2,1,0,0,1,6,480000
200,0.9,200,1000,50,0.1,30,0,0,32,50,2.7,0,9,0,0,2,1,514200
5000,0.75,3,500,200,0.1,0.6,0.01,0,1,25,10,0,0.1,0,0,2,6,3300000
3700,0.875,10,25000,800,0.1,1,0.03,0,8,1500,17,0,0.8,0.02,0,2,3,28104000
240,1,50,2000,150,10,5,0.25,0,15,120,10,0,2,0.08,0,2,4,2447020
55,0.9,35,2500,20,10,1,0.07,0,35,2500,20,2,1,0.07,0,3,5,409545
2500,0.65,30,1500,10,0.1,1,0.06,0,3,45,1,0,0.1,0.01,0,2,6,1142300
3600,1,10,1500,800,200,0,0.05,0,10,1500,220,20,0,0.05,0,1,3,2300000
105.6,0.5,100,30000,150,3000,10,0,0,15,3000,20,0,1,0,0,1,2,3402000
170,0.675,200,3000,100,1,50,0,0,40,100,1,0,15,0,0,2,1,368000
800,0.99,100,4000,200,1,5,1,0,80,4000,200,0.1,4,0.8,0,2,1,350000
1440,1,10,4000,150,1,2,0.05,0,10,4000,150,0.1,2,0.05,0,2,2,265000
15,1,40,200,4,0.4,200,0.2,0,5,50,1,0,20,0.03,0,3,3,825000
5000,0.855,120,9000,650,0.5,12,0.3,0,45,550,6,0,7,0.11,0,1,4,13280000
2400,0.987,10,2500,0,0.1,0,0,0,1,83,0,0,0,0,0,2,2,6415000
5000,0.67,60,6000,500,20,5,1,0,5,200,50,0.5,1,0.08,0,3,10,5300000
57,0.67,600,40000,200,2,120,3,0,180,3000,20,0,36,0.9,0,1,3,2437500
5000,1,45,2000,100,0.5,5,0.45,0,25,200,10,0,4,0.25,0,3,4,12614700
24,0.5,105,7500,60,1.5,3,0.21,0,20,200,4,0,0.5,0.04,0,1,5,183000
5000,0.99,60,6000,500,20,5,1,0,60,6000,500,5,5,1,0,2,10,400000
600,0.891,200,2000,100,1,150,0,0,64,118,1.6,0,72,0,0,2,2,1635300
2880,1,0,8500,100,0.5,0,0,0,1,0,8500,100,0,0.01,0,3,3,2100000
4800,0.99,50,3000,250,1,5,0.5,0,25,3000,250,1,5,0.25,0,1,8,800000
120,0.85,400,18000,1200,2,20,0.8,0,300,12000,80,0.1,15,0.6,0,1,6,700000
2400,0.75,45,3500,200,15,3,0.45,0,5,100,10,0,1,0.05,0,3,6,3830000
1608,0.943,700,30000,200,0,0,0,0,700,16000,50,0,0,0,0,3,1,3645000
87,0.86,600,40000,2000,100,120,3,0,600,40000,200,0.1,120,3,0,1,3,1040700
800,0.8,100,25000,150,10,45,0,0,80,10000,20,0,15,0,0,3,1,4745000
165.6,1,40,8000,400,0.1,4,0,0,30,350,40,0,2,0,0,2,2,5125000
9960,0.9,100,12000,150,2,5,1,0,80,12000,150,0,4,0.8,0,3,1,5250000
3200,0.9,5,500,120,0.1,0.5,0.1,0,4,500,120,0,0.5,0.08,0,1,2,2180000
582,0.86,200,17700,45,0,15,1,10,200,2000,5,0,15,1,0,1,3,6450000
720,0.7,80,4000,200,0,4,0.8,0,20,150,10,0,2,0.2,0,2,1,898000
1140,0.44,40,13000,400,10,1,0.2,0,5,400,20,0,0.2,0.03,0,2,4,1148000
2500,1,30,1500,10,0.1,1,0.06,0,6,120,2,0,0.2,0.01,0,2,6,16982100
1000,0.9,50,2400,40,10,5,0.5,0,50,2400,40,0.5,5,0.5,0,1,4,650000
55,0.9,35,2500,20,2,1,0.07,0,35,2500,20,0.5,1,0.07,0,3,5,252300
240,0.65,30,5000,200,0.1,4,0.15,0,10,200,20,0,2,0.05,0,2,3,250000
720,0.99,50,2000,40,10,5,0.25,0,50,2000,40,1,5,0.25,0,2,3,150000
165,0.9,10,2000,100,1,0.4,0,0,10,2000,100,0.1,0.4,0,0,3,4,200000
108,1,900,95000,36000,20,1440,2.25,0,800,90000,2000,10,1440,2,0,3,3,352000
800,0.63,80,4000,200,0.1,4,0.8,0,20,150,10,0,2,0.2,0,1,1,1722000
18000,0.75,90,3000,120,1,1,0.45,0,20,100,5,0,0.2,0.1,0,2,2,13450000
800,0.63,100,4000,200,0.2,5,1,0,20,150,10,0,2,0.2,0,2,1,1907000
108,1,800,90000,2000,10,1440,2,0,800,85000,400,1000,1440,2,0,3,3,352000
5000,0.75,4,500,200,3,0.6,0.01,0,1,25,10,0,0.1,0,0,3,6,5700000
11880,1,6.4,16252,4253,600,1,0,0,6.4,16252,200,10,1,0,0,3,3,1971210
1776,0.89,5,200,2,0,0.2,0,0,1,4,0.1,0,0,0,0,1,1,1650000
154,0.9,200,3000,100,0,50,0,0,168,2420,8.2,0,43,0,0,2,1,350200
5280,1,50,4000,800,20,0,0,0,50,4000,200,5,0,0,0,2,3,1100000
200,1,500,20000,1200,8000,40,2.5,40,500,20000,1200,5,40,2.5,30,1,8,770000
3200,0.9,10,500,120,0.5,2,0.2,0,4,500,120,0,0.5,0.08,0,2,2,2779000
600,0.81,200,2000,100,1,150,0,0,64,118,1.6,0,72,0,0,2,2,1077300
1800,0.99,40,2000,200,5,2,0.08,0,40,2000,200,1,2,0.08,0,2,4,324000
105.6,1,100,30000,150,3000,10,0,0,100,30000,150,0,10,0,0,1,2,652000
600,1,400,20000,1200,5500,20,2,40,400,20000,800,2,20,2,30,1,3,2120000
73.2,1,90,21700,430,0.2,4.3,0.23,0,40,2000,50,0.1,2,0.1,0,3,3,1850000
23.1,0.7,30,16500,30,0,0,0,0,3,400,3,0,0,0,0,2,1,223000
2400,0.7,35,2000,100,2,3,0,0,8,60,5,0,1,0,0,1,3,3207000
150,0.85,400,18000,1000,5,30,2,30,300,12000,50,1,20,1.5,10,3,7,552000
95,0.84,700,17000,5,0,850,0,0,100,400,0.5,0,100,0,0,2,1,777000
960,1,15,3000,100,1,1,0,0,5.7,157,6.5,0,0.8,0,0,2,2,9335000
5280,0.77,60,3000,200,10,0,0.3,0,35,160,16,0,0,0.18,0,1,3,16855000
1800,0.67,20,2000,200,0.5,1,0.1,0,5,60,10,0,0.5,0.03,0,1,3,2671000
9960,0.99,100,12000,150,2,5,1,0,100,12000,150,0.5,5,1,0,3,1,650000
105.6,1,100,30000,1000,0,10,0,0,15,3000,20,0,1,0,0,2,2,7052000
800,0.765,100,4000,200,0.2,5,1,0,22,212,17,0,2.5,0.22,0,2,1,2072000
56.4,1,100,44000,160,0,0,0,0,10,1000,5,0,0,0,0,2,2,3005600
520,0.7,20,2200,50,0.5,2,0.04,0,5,75,5,0.1,1,0.01,0,1,6,383500
26400,1,20,10000,2000,5,0,0,0,20,10000,200,1,0,0,0,2,1,2850000
750,0.55,25,8100,150,10,1,0.13,0,1,200,5,0,0.2,0.01,0,2,4,627000
7200,0.7,50,3000,300,1,5,0.1,0,5,100,10,0.5,1,0.01,0,2,10,3800000
5250,0.95,60,6000,500,5,5,1,0,60,6000,500,1,5,1,0,3,10,2400000
875,1,85,4285,28,0.3,2.8,0.17,0,15,200,4,0,0.8,0.03,0,2,6,15839800
570,0.98,20,1000,10,1,0,0,0,15,1000,10,0,0,0,0,3,2,147000
18000,1,100,3000,1000,5,1,0.5,0,90,3000,120,1,1,0.45,0,3,2,1350000
800,0.885,700,30000,200,1,0,0,0,700,500,1,0,0,0,0,3,1,7175200
1800,0.98,40,2000,200,5,2,0.08,0,20,2000,200,0.5,1,0.04,0,2,4,679000
1800,0.9375,35,2000,100,2,3,0,0,5,60,5,0,0.3,0,0,2,3,2820490
10800,0.7,30,3000,50,1,0,0.1,0,10,100,10,0,0,0.03,0,1,8,11850000
9000,0.75,80,12000,150,0.5,4,0.8,0,20,400,0.1,0,1,0.2,0,2,1,15300000
80,0.813,800,15000,500,1,850,0,0,100,400,0.5,0,100,0,0,2,1,1509200
432,1,10,2000,600,5,1,0,0,9.75,147.5,17.5,0,0.875,0,0,2,2,4713000
200,1,200,1000,50,0.1,30,0,0,40,63,2.5,0,14,0,0,2,1,2288200
960,0.9,15,3000,100,1,1,0,0,5.7,157,6.5,0,0.8,0,0,2,2,2283000
3200,0.99,5,500,120,0.2,0.5,0.1,0,5,500,120,0.1,0.5,0.1,0,3,2,264000
96,0.875,30,3000,50,5,0.5,0.06,0,10,500,8,0,0,0.02,0,3,8,214800
10800,0.99,30,3000,50,20,0,0.1,0,30,3000,50,10,0,0.1,0,2,8,600000
50,1,35,2500,20,10,1,0.07,0,18,140,3,0,0.3,0.04,0,2,5,2695445
108,0.5,800,90000,2000,10,1440,2,0,50,100,1,0,200,0.13,0,1,3,4462000
1700,0.7,50,2000,10,1,5,1,0,5,50,1,0,1,0.1,0,2,8,1550000
20,0.75,5,400,100,1,1,0,0,1,15,5,0,0,0,0,3,6,142900
120,0.5,125,6000,250,1.25,7.5,0.63,0,8,200,10,0,2,0.04,0,1,5,256200
900,0.895,20,2000,10,1,8,0.02,0,10,80,1,0,2,0.01,0,1,8,1556000
720,0.75,20,4000,30,0.1,2,0.1,0,5,200,2,0,0.5,0.03,0,1,3,560000
1980,0.9,20,2000,200,0.5,1,0.04,0,18,2000,200,0.1,1,0.04,0,1,4,1042000
528,0.9,45,2500,800,10,0.5,0,0,20,2500,10,0.1,0.5,0,0,3,6,389200
960,1,15,3000,100,1,1,0,0,10,3000,100,0,1,0,0,2,2,1122000
5280,0.64,60,3000,200,10,0,0.3,0,20,100,10,0,0,0.1,0,2,3,7370000
300,1,400,18000,300,5500,20,2,40,400,18000,300,5,20,2,30,1,6,1020000
240,0.75,10,1000,10,1,0,0,0,2,40,1,0,0,0,0,2,2,262300
600,0.6375,400,20000,1200,5500,20,2,40,40,800,2,0,8,0.2,0,1,3,7120000
240,0.9,5,500,10,20,1,0,0,5,500,10,1,1,0,0,2,8,150000
70,1,10,6000,500,10,0,0,0,10,5500,100,5,0,0,0,3,1,345000
925,0.99,40,100000,3200,0.4,4,0.1,0,35,100000,320,0.5,4,0.09,0,3,3,704000
55,0.99,10,50,1,0.1,50,0.05,0,5,50,1,0,20,0.03,0,3,3,64000
315.7777778,0.9,60,27000,0,0,0,0,0,40,10000,0,0,0,0,0,3,2,2350000
720,0.99,50,2000,40,1,5,0.25,0,30,2000,40,0.5,5,0.15,0,2,3,210000
144,0.99,50,10000,200,0.5,3,0.13,0,40,10000,200,0.1,2,0.1,0,3,3,23200
112.5,1,192,32000,1600,0.4,16,0,0,20,1500,30,0,10,0,0,3,3,6250000
1250,1,180,8000,400,0.5,20,1.8,0,20,220,20,0,8,0.2,0,3,4,8556710
20,0.5,1000,10000,2,0,200,0,0,200,300,0.1,0,100,0,0,2,1,122000
70,1,10,5500,100,5,0,0,0,10,5500,10,0,0,0,0,2,1,137600
87,0.46,600,40000,200,2,120,3,0,60,150,10,0,15,0.3,0,1,3,2976000
200,1,500,20000,1000,5000,20,2.5,40,500,20000,1000,5,20,2.5,30,1,8,700000
50,1,6400,320000,1600,80,320,32,0,400,5000,100,0,50,2,0,1,7,1570000
10800,0.905,6.4,16252,4253,600,1,0,0,2,800,20,0,0,0,0,1,3,91978998
7935,0.7,50,4500,750,10,2,0.1,0,5,150,5,0,0.5,0.01,0,1,6,9544000
2640,0.99,10,3800,120,1,1,0.02,0,8,3800,120,0.5,0.5,0.02,0,1,6,425000
750,0.95,25,8100,150,10,1,0.13,0,20,8100,150,0.5,1,0.1,0,3,4,275000
925,0.99,35,100000,320,5,4,0.09,0,35,100000,320,0.5,4,0.09,0,3,3,152000
240,0.825,30,5000,200,1,4,0.15,0,14,280,26,0,2.6,0.07,0,2,3,524000
720,0.67,50,2000,40,1,5,0.25,0,5,50,2,0,1,0.03,0,1,3,1250000
200,1,50,2000,30,1,1,0.1,0,5,50,5,0.1,0.1,0.01,0,2,6,377100
480,0.99,40,2500,800,0.5,0.5,0,0,20,2500,800,0.1,0.5,0,0,3,6,52000
18000,0.75,100,3000,1000,5,1,0.5,0,20,100,5,0,0.2,0.1,0,2,2,14800000
4800,0.85,60,3000,2000,10,0,0.3,0,27,146,12,0,0,0.14,0,1,3,9205000
48,0.8,1,15,8,0,0,0,0,0,4,0.5,0,0,0,0,1,6,87100
1800,0.67,18,2000,200,0.1,1,0.09,0,5,60,10,0,0.5,0.03,0,1,3,1629000
270,0.65,70,6600,30,3,25,0.07,0,20,150,5,0,10,0.02,0,1,8,456000
4800,0.9,15,1000,200,1,1,0.04,0,15,1000,200,0.1,1,0.04,0,1,3,2160000
480,1,10,5000,10,1,0,0,0,4,340,2,0,0,0,0,2,2,3660300
800,0.99,100,4000,200,1,5,1,0,100,4000,200,0.1,5,1,0,2,1,165000
720,0.99,10,1000,200,5,1,0,0,10,1000,200,0.5,1,0,0,3,1,145000
9960,0.9,80,12000,150,0.5,4,0.8,0,80,12000,150,0,4,0.8,0,3,1,3850000
200,1,50,2000,30,15000,1,0.1,0,50,2000,30,1,1,0.1,0,2,6,882900
3400,0.75,50,3200,100,2,1,0,0,5,120,5,0,0,0,0,1,6,4772000
7,1,100,50000,100,0,0,0,0,10,400,3,0,0,0,0,2,1,1380000
42.5,0.75,250,17000,35,1,10,1.25,10,45,840,0.875,0,5,0.23,0,2,7,555700
70,0.9,10,5500,100,1,0,0,0,2.3,250,1.5,0,0,0,0,2,1,676400
20,0.98,5,400,100,5,1,0,0,2,400,100,0.5,0,0,0,3,6,16400
144,1,40,9000,180,0.1,2,0.1,0,4,15,1,0,0.2,0.01,0,3,3,2276200
105.6,1,100,30000,150,0,10,0,0,15,3000,20,0,1,0,0,2,2,6200000
25400,0.64,80,10000,200,0.2,8,0.2,0,5,30,1,0,1,0.01,0,3,4,15780000
1848,0.67,50,2000,350,1,5,0.42,0,5,50,30,0,1,0.04,0,1,6,2620000
12,1,160,24000,400,0.8,1.6,0.32,0,20,1000,5,0,0.5,0.04,0,3,8,667200
437.5,1,170,8570,56,0.6,5.6,0.34,0,35,280,7,0,1.5,0.07,0,2,6,15475300
5500,0.9,50,5000,100,5,5,0.5,0,45,5000,100,0.5,5,0.45,0,3,4,2867300
57,0.86,600,40000,800,20,120,3,0,600,40000,200,0.1,120,3,0,1,3,607500
50,1,35,2500,20,2,1,0.07,0,18,140,3,0,0.3,0.04,0,2,5,2538200
2200,0.99,10,500,50,1,0,0,0,2,500,50,0.5,0,0,0,2,7,381200
87,0.95,600,40000,200,2,120,3,0,600,40000,200,1,120,3,0,1,3,31500
60,0.95,50,3000,100,3,5,0.25,0,500,3000,100,0.5,5,2.5,0,1,2,295000
20,0.99,5,400,100,5,1,0,0,5,400,100,1,1,0,0,3,6,7100
720,0.67,20,2400,40,0,5,0,0,5,80,2,0,1,0,0,3,4,350000
10700,0.95,1,2000,200,0.5,0,0.02,0,0.8,2000,200,0,0,0.02,0,1,2,6810000
100,0.75,50,1500,100,1,5,0,0,10,100,5,0,1,0,0,2,1,407200
2976,0.71,5,1000,100,0.1,1,0,0,1,4,1,0,0.1,0,0,1,2,5205000
9960,0.675,100,12000,150,0.5,5,1,0,80,12000,150,0,4,0.8,0,3,1,4600000
262.5,1,283,14285,95,1,9,0.57,0,50,400,10,0.1,3,0.1,0,2,6,15250000
70,1,10,6000,500,10,0,0,0,3,266,1.7,0,0,0,0,2,1,2437600
10,1,2000,100000,750,2.5,1000,50,0,500,1000,20,0,500,12.5,0,2,1,662000
240,0.99,50,2000,150,3,5,0.25,0,50,2000,150,1,5,0.25,0,3,4,21000
2200,0.9,10,1500,650,50,1,0.02,0,10,1500,650,0.1,1,0.02,0,2,6,859200
300,1,700,17000,5,0,850,0,0,100,400,0.5,0,100,0,0,2,1,6042000
18000,0.98,90,3000,120,1,1,0.45,0,60,3000,120,0,0.5,0.3,0,3,2,2900000
2500,0.825,30,1500,10,0.1,1,0.06,0,5,80,1.5,0,0.2,0.01,0,2,6,1506800
528,0.9,45,2500,800,10,0.5,0,0,20,2500,800,0.1,0.5,0,0,3,6,324000
80,0.6,800,8000,40,0,600,0,0,160,350,4,0,180,0,0,2,1,182800
57,0.46,600,40000,200,2,120,3,0,60,150,10,0,15,0.3,0,1,3,2810000
96,0.98,30,3000,50,5,0.5,0.06,0,20,3000,50,0.1,0.2,0.04,0,3,8,15000
9960,0.9,100,12000,150,2,5,1,0,80,12000,150,0.5,4,0.8,0,3,1,1400000
95,0.84,800,15000,150,1,850,0,0,100,400,0.5,0,100,0,0,2,1,1144200
300,0.6375,400,18000,300,5500,20,2,40,40,720,0.75,0,8,0.2,0,1,6,3398000
200,1,1600,80000,400,20,80,8,0,200,3500,20,0,10,1,0,1,7,10820000
2400,0.987,5,2700,0,0,0,0,0,1,83,0,0,0,0,0,2,2,6130000
1200,0.7,5,1000,50,1,0,0,0,2,30,5,0,0,0,0,2,8,900000
80,0.96,800,8000,40,0,600,0,0,160,350,4,0,180,0,0,3,1,610800
1250,0.75,180,8000,400,0.5,20,1.8,0,40,240,30,0,5,0.4,0,2,4,1429320
5000,1,50,5000,300,5,5,0.5,0,25,200,10,0,4,0.25,0,4,4,15482000
90,0.6,800,15000,5,0.1,850,0,0,30,20,0,0,30,0,0,2,1,619000
2976,0.99,5,2000,100,1,1,0,0,2,2000,100,0,0.8,0,0,3,2,570000
4800,0.85,60,3000,200,0,0,0.3,0,27,146,12,0,0,0.14,0,1,3,5035000
960,1,10,3000,100,0,1,0,0,5.7,157,6.5,0,0.8,0,0,2,2,8213000
50,0.6375,450,21000,350,5000,20,2.25,40,45,840,0.875,0,5,0.23,0,1,7,1533000
150,1,400,18000,1000,5500,30,2,40,400,18000,1000,5,30,2,30,3,7,346000
45,1,320,64000,480,1.6,32,1.6,0,100,1000,10,0,10,0.5,0,3,3,2450000
50,0.6375,450,21000,350,10,20,2.25,30,45,840,0.875,0,5,0.23,0,2,7,1078000
312,0.5,720,32000,150,8,80,7.2,0,100,1000,10,0,20,1,0,3,4,898800
50,1,30,2000,10,10,1,0.15,0,30,2000,10,1,1,0.15,0,3,3,127500
2400,0.99,10,2500,0,0.1,0,0,0,5,2500,0,0,0,0,0,3,2,285000
108,1,40,8000,400,0.1,4,0,0,30,350,40,0,2,0,0,2,2,3614000
800,0.9,50,2400,40,1,5,0,0,20,2400,40,0,5,0,0,3,4,380000
11880,0.9,6.4,16252,800,100,1,0,0,6.4,16252,200,0.1,1,0,0,2,3,5822000
14000,0.99,90,2000,120,0.1,1,0.45,0,60,2000,120,0,0.5,0.3,0,3,2,1100000
5280,0.9,60,3000,2000,10,0,0.3,0,60,3000,200,0,0,0.3,0,2,3,4170000
95,0.84,800,15000,150,1,850,0,0,30,20,0,0,30,0,0,2,1,771200
240,0.7,50,2000,150,3,5,0.25,0,12,90,8,0,1,0.06,0,3,4,317020
200,0.75,200,1000,50,0.1,30,0,0,30,40,2,0,5,0,0,2,1,359200
154,0.75,200,3000,100,0,50,0,0,40,100,1,0,15,0,0,2,1,265200
96,1,400,20000,150,0.5,200,0,0,300,1000,20,0,200,0,0,2,2,3200000
20,0.75,2,400,100,0.5,0,0,0,1,15,5,0,0,0,0,3,6,133600
1968,0.9,35,2000,100,2,3,0,0,12,2000,100,0.1,1,0,0,2,3,1478190
3624,0.5,450,48000,20,0,16,4.5,0,90,1500,1,0,4,0.9,0,2,1,3850000
720,0.87,10,3000,0,1,0,0,0,1,100,0,0,0,0,0,2,2,1278000
18000,0.99,100,3000,1000,5,1,0.5,0,90,3000,120,0.1,1,0.45,0,3,2,2600000
170,0.75,500,18000,50,1,20,2.5,10,50,800,5,0.5,10,0.25,0,1,8,840000
2640,0.9,8,3800,120,0.5,0.5,0.02,0,6,3800,120,0.1,0.5,0.01,0,1,6,1299000
660,1,10,2000,600,5,1,0,0,9.75,147.5,17.5,0,0.875,0,0,2,2,6400000
2200,0.9,10,1500,650,50,1,0.02,0,10,1500,10,0.1,1,0.02,0,2,6,1434200
5250,0.95,4,500,200,3,0.6,0.01,0,3,500,200,0.1,0.6,0.01,0,3,6,2400000
3400,0.5,50,3200,100,2,1,0,0,5,80,4,0,0,0,0,1,6,3645000
800,0.63,100,4000,200,1,5,1,0,20,150,10,0,2,0.2,0,2,1,2072000
840,0.4,110,24000,100,1,2,0.55,0,20,1100,5,0,0.5,0.1,0,2,4,322800
528,0.9,45,2500,800,5,0.5,0,0,20,2500,10,0.1,0.5,0,0,3,6,347200
120,0.9,40,2000,50,0,3,0,0,14.5,98,5,0,1.3,0,0,2,1,394000
96,0.75,30,3000,50,1,0.5,0.06,0,3,100,3,0,0,0.01,0,3,8,133000
80,0.813,800,15000,500,1,850,0,0,30,20,0,0,30,0,0,2,1,1661200
600,0.5,150,2000,1000,15,10,1,0,20,50,5,0,2,0.13,0,2,9,820000
312,1,720,32000,1600,0.5,80,7.2,0,720,32000,150,8,80,7.2,0,3,4,385000
600,0.73,400,20000,1200,2,20,2,30,200,2000,5,0,15,1,0,1,3,8800000
96,1,20,3000,50,0.1,0.2,0.04,0,20,1000,5,0,0.5,0.04,0,3,8,867000
72,0.5,800,90000,2000,10,1440,2,0,50,100,1,0,200,0.13,0,1,3,3877510
240,0.99,50,2000,150,1,5,0.25,0,40,2000,150,0.2,4,0.2,0,3,4,30000
7000,0.99,10,5000,50,0.1,0,0.05,0,8,5000,50,0,0,0.04,0,3,2,612000
137,1,2400,60000,35,0,2500,0,0,500,10000,10,0,500,0,0,2,1,5470000
108,0.94,800,90000,2000,10,1440,2,0,60,1000,30,0,200,0.15,0,1,3,7582000
300,0.9,200,3000,100,1,50,0,0,200,3000,100,0,50,0,0,3,2,143800
312,0.5,720,32000,1600,0.5,80,7.2,0,100,1000,10,0,20,1,0,3,4,1283800
42,1,180,30000,1200,0.1,20,0.9,0,30,600,50,0,5,0.15,0,3,3,2350000
9000,0.95,100,12000,150,0.5,5,1,0,35,633,0.3,0,1.6,0.35,0,2,1,30000000
3400,0.75,40,3200,100,0.2,1,0,0,5,120,5,0,0,0,0,1,6,3869000
5000,0.855,120,9000,30,0.5,12,0.3,0,45,550,6,0,7,0.11,0,1,4,10350000
240,0.99,50,5200,50,2,2,0,0,50,5200,50,0.1,2,0,0,3,2,40000
540,1,40,5000,50,5,2,0.2,0,5,200,2,0,0.5,0.03,0,2,3,6780000
800,0.765,100,4000,200,1,5,1,0,22,212,17,0,2.5,0.22,0,2,1,2447000
1800,0.99,40,2000,200,1,2,0.2,0,20,2000,200,0.5,1,0.1,0,2,3,355000
144,1,40,9000,180,0.1,2,0.1,0,10,300,10,0,0.5,0.03,0,3,3,2082000
3200,0.98,5,400,300,2,1,0.01,0,2,400,300,0.1,0.5,0,0,1,6,943000
1800,0.88,50,5000,50,0,1,0,0,1,4,0.1,0,0,0,0,1,1,4300000
75,0.52,600,40000,800,20,120,3,0,60,150,10,0,15,0.3,0,1,3,3316000
2040,0.9,60,3000,200,5,0,0.3,0,60,3000,200,0.1,0,0.3,0,1,2,1476350
1330,0.9,50,5000,400,0.5,3,1,0,35,5000,400,0,2,0.7,0,1,2,990500
62,1,5,50,1,0,20,0.03,0,2,5,0,0,10,0.01,0,3,3,1180000
800,0.99,700,30000,200,1,0,0,0,700,30000,200,0.1,0,0,0,3,1,155200
30,0.6,160,8000,200,0,12,0,0,40,200,5,0,3,0,0,2,1,142000
5000,0.67,60,6000,500,5,5,1,0,5,200,50,0.5,1,0.08,0,3,10,4900000
45,0.875,5,50,1,0.1,5,0.03,0,1.7,6,0.2,0,2.6,0.01,0,1,3,460000
57,0.95,600,40000,2000,100,120,3,0,600,40000,200,1,120,3,0,1,3,662500
1320,0.99,10,5000,200,2,5,0,0,10,5000,200,0.1,5,0,0,3,2,126200
20,1,30,7000,50,0.1,1,0.15,0,10,400,10,0,1,0.05,0,3,4,788000
50,1,500,18000,1000,5000,20,2.5,40,500,18000,1000,5,20,2.5,30,1,2,400000
72,0.7,15,150,3,0,0.3,0.03,0,1,3,0.5,0,0,0,0,1,5,589000
14000,0.98,90,2000,120,1,1,0.45,0,60,2000,120,0,0.5,0.3,0,3,2,2025000
2976,0.71,5,1000,100,0.1,1,0,0,1,5,1,0,0.1,0,0,1,2,5205000
600,0.81,200,2000,100,1,150,0,0,64,118,1.6,0,72,0,0,2,1,1077300
2112,0.95,30,3000,50,300,0.5,0.06,0,30,3000,50,5,0.5,0.06,0,3,6,1603000
200,0.9,200,3000,100,0,50,0,0,168,2420,8.2,0,43,0,0,2,1,405200
1680,0.5,55,12000,50,0.5,1,0.28,0,10,500,2,0,0.2,0.05,0,2,4,831250
720,0.987,10,3000,0,1,0,0,0,1,100,0,0,0,0,0,2,2,2428000
4000,0.8,60,1000,5,0,2,0.3,0,20,50,1,0,1,0.1,0,1,3,5220000
3400,0.98,50,3200,100,2,1,0,0,40,3200,100,0.2,1,0,0,1,6,903000
925,1,35,100000,320,0.5,4,0.09,0,20,5500,11.5,0,1.75,0.05,0,2,3,51650000
2976,0.71,5,2000,100,1,1,0,0,1,5,1,0,0.1,0,0,1,2,5470000
240,0.75,10,1000,10,1,0,0,0,2,40,1,0,0,0,0,2,2,262300
80,1,800,15000,500,1,850,0,0,800,15000,500,1,850,0,0,3,1,325000
80,0.9,800,15000,500,1,850,0,0,800,15000,5,0,850,0,0,2,1,732200
400,1,500,15000,1000,8500,40,20,0,500,15000,1000,1,40,20,0,1,4,1650000
3700,1,10,25000,800,0.1,1,0.03,0,10,2000,18,0,1,0.03,0,2,3,58104000
720,0.99,10,3000,0,0.1,0,0,0,5,3000,0,0,0,0,0,3,2,68000
5250,0.95,4,500,200,10,1,0.01,0,3,500,200,0.1,0.6,0.01,0,3,6,2820000
3200,0.99,10,500,120,0.5,2,0.2,0,5,500,120,0.2,0.5,0.1,0,3,2,335000
5000,1,5,500,200,1000,1,0.01,0,3,500,200,0.1,0.6,0.01,0,3,6,3050000
70,0.9,10,5500,100,0.1,0,0,0,2.3,250,1.5,0,0,0,0,2,1,640200
210,0.76,100,1000,50,0,20,0,0,30,40,2,0,5,0,0,2,1,301000
1800,0.99,40,2000,200,1,2,0.08,0,20,2000,200,0.5,1,0.04,0,2,4,355000
50,0.85,450,21000,350,10,20,2.25,30,250,17000,35,1,10,1.25,10,2,7,522300
33,1,140000,20000,10,3000,500,0,0,140000,20000,2,20,450,0,0,1,3,1370000
5280,0.875,60,3000,200,1,0,0.3,0,35,160,16,0,0,0.18,0,1,3,16335000
57,0.86,600,40000,2000,100,120,3,0,600,40000,200,0.1,120,3,0,1,3,927500
3500,0.75,5,1000,100,0.1,1,0,0,2,40,5,0,0.2,0,0,2,2,3355000
14000,0.75,90,2000,120,1,1,0.45,0,20,100,5,0,0.2,0.1,0,2,2,11175000
5280,0.77,60,3000,200,1,0,0.3,0,27,146,12,0,0,0.14,0,1,3,7835000
2640,0.9,45,3500,200,15,3,0.45,0,25,3500,200,0.1,1.5,0.25,0,3,6,1966000
236.8333333,0.6,24,12960,0,0,0,0,0,5,400,0,0,0,0,0,1,2,265000
240,0.9,50,2000,150,10,5,0.25,0,12,90,8,0,1,0.06,0,2,4,518020
52.8,1,200,60000,300,0,20,0,0,15,3000,20,0,1,0,0,3,2,3450000
1440,0.9,120,4000,100,1,20,0.3,0,100,4000,100,0.1,20,0.25,0,1,3,878000
54,0.9,2000,20000,100,0,1500,0,0,2000,10000,50,0,500,0,0,3,1,558000
12000,1,10,1500,1200,400,0,0.03,0,10,1500,250,10,0,0.03,0,1,4,9650000
9000,0.75,100,12000,1500,50,5,1,0,20,400,0.1,0,1,0.2,0,2,1,18500000
200,1,50,2400,100,0.5,3,0.25,0,5,120,6,0,2,0.03,0,1,5,3951200
240,1,50,2000,1500,5,5,0.25,0,50,2000,150,10,5,0.25,0,1,4,177000
7200,0.7,50,3000,300,10,5,0.1,0,5,100,10,0.5,1,0.01,0,2,10,7100000
720,0.6,20,8100,150,0.5,1,0.1,0,1,200,5,0,0.2,0.01,0,2,4,352000
30,1,2400,60000,35,0,2500,0,0,600,13500,7.5,0,675,0,0,2,1,3110000
7400,0.99,200,33000,200,10,20,0.5,0,200,33000,200,0.5,20,0.5,0,3,4,1340000
70,1,10,5500,10,0,0,0,0,10,400,3,0,0,0,0,2,1,1955000
900,0.895,50,2000,10,1,10,0.05,0,10,80,1,0,2,0.01,0,1,8,1781000
5263,0.805,18,46000,570,0.3,2,0,0,18,6000,200,0,1,0,0,1,3,66205288
20,0.5,1000,10000,500,0,200,0,0,200,300,0.1,0,100,0,0,2,1,374000
14000,0.75,100,2000,1000,5,1,0.5,0,20,100,5,0,0.2,0.1,0,2,2,12125000
1440,1,10,4000,500,10,2,0.05,0,5,4000,150,0,1,0.03,0,2,2,787500
3600,0.67,50,2500,350,0.1,5,0.42,0,5,50,30,0,1,0.04,0,1,4,4700000
312,0.99,720,32000,150,8,80,7.2,0,720,32000,150,0.5,80,7.2,0,3,4,82000
2640,0.99,45,3500,200,2,3,0.45,0,30,3500,200,1,1.5,0.3,0,3,6,452000
330,1,800,15000,50,1,850,0,0,800,15000,5,0.1,850,0,0,2,1,486000
3700,0.875,30,25000,800,0.5,2,0.08,0,8,1500,17,0,0.8,0.02,0,2,3,28504000
720,0.67,20,2000,40,0,5,0.1,0,5,50,2,0,1,0.03,0,1,3,560000
800,0.75,400,20000,100,5,20,2,10,40,1000,10,0,2,0.2,0,1,7,2800000
2016,0.88,50,5000,50,0,1,0,0,5,600,2,0,0.5,0,0,1,1,2650000
200,1,50,2000,30,5000,1,0.1,0,50,2000,30,1,1,0.1,0,1,6,832900
280.8,0.9,10,1000,10,0,0,0,0,3.5,53,1.2,0,0,0,0,2,2,379000
55,0.7,10,50,1,1,50,0.05,0,2,5,0,0,10,0.01,0,1,3,622000
20,1,5000,20000,800,50,1400,5,40,4500,20000,200,50,1200,4.5,40,2,4,100000
96,0.875,20,3000,50,0.1,0.2,0.04,0,10,500,8,0,0,0.02,0,2,8,199800
200,0.85,500,20000,1200,8000,40,2.5,40,500,18000,60,1,36,2.5,30,1,8,1610000
180,1,1280,72000,4800,0,0,6.4,0,100,300,50,0,0,0.5,0,2,3,8000000
2400,0.75,30,3500,200,1,1.5,0.3,0,5,100,10,0,1,0.05,0,3,6,2996000
875,0.5,85,4285,28,0.3,2.8,0.17,0,8,150,3,0,0.5,0.02,0,2,6,364500
9960,0.9,100,12000,1500,50,5,1,0,80,12000,150,0,4,0.8,0,3,1,7050000
55,0.57,35,2500,20,2,1,0.07,0,10,100,2,0,0.2,0.02,0,2,5,776800
6720,1,200,30000,500,1,0,0,0,200,30000,500,0.1,0,0,0,1,1,3900000
320,0.99,200,2000,100,0,150,0,0,64,118,1.6,0,72,0,0,2,1,1077300
5000,0.99,150,9000,650,50,15,0.38,0,120,9000,30,0.5,12,0.3,0,2,4,8312000
2842,0.75,6,3240,0,0,0,0,0,1,100,0,0,0,0,0,1,2,2540000
3888,0.8,90,1000,5,0.2,3,0.45,0,20,50,1,0,1,0.1,0,1,3,5572000
1140,0.7,60,12000,50,7,1,0.3,0,12,650,3,0,0.3,0.06,0,2,4,1259000
5000,1,150,9000,650,50,15,0.38,0,120,9000,650,0.5,12,0.3,0,2,4,5382000
800,0.9,100,4000,200,1,5,1,0,80,4000,200,0,4,0.8,0,2,1,1174000
50,1,35,2500,20,0.5,1,0.07,0,1,3,0.5,0,0,0,0,2,5,2874900
550,0.7,10,2000,100,1,0.4,0,0,2,60,5,0,0.1,0,0,3,4,840000
72,1,30,3000,300,8000,10,0.25,0,30,3000,300,10,10,0.25,0,1,6,553000
11800,0.9,30,3000,50,20,0,0.1,0,30,3000,50,1,0,0.1,0,1,8,6200000
3700,0.99,30,25000,800,0.5,2,0.08,0,10,25000,800,0.1,1,0.03,0,3,3,400000
900,0.7,40,4000,180,1,1,0.08,0,50,120,45,0.1,0.2,0.1,0,2,6,1277000
105.6,1,40,12000,400,0,4,0,0,10,300,10,0,2,0,0,2,2,7257000
9000,0.75,80,12000,150,0,4,0.8,0,20,400,0.1,0,1,0.2,0,2,1,11450000
9960,0.9,80,12000,150,0.5,4,0.8,0,80,12000,5,0,4,0.8,0,2,1,6050000
1848,0.99,50,2000,350,1,5,0.42,0,50,2000,350,0.1,5,0.42,0,1,6,420298
18000,0.99,90,3000,120,1,1,0.45,0,90,3000,120,0.1,1,0.45,0,3,2,1250000
350,0.75,400,18000,300,5500,20,2,0,40,720,0.75,0,8,0.2,0,1,3,3398000
3200,0.75,5,400,300,2,1,0.01,0,1,15,15,0,0.1,0,0,1,6,3520000
925,1,40,100000,3200,0.4,4,0.1,0,35,100000,320,5,4,0.09,0,2,3,552000
350,0.9,200,2000,100,1,150,0,0,200,2000,10,0,150,0,0,2,1,337000
14000,0.99,90,2000,120,1,1,0.45,0,90,2000,120,0.1,1,0.45,0,3,2,925000
25400,0.85,100,10000,200,1,8,0.25,0,20,700,10,0,3,0.05,0,3,4,24772400
300,0.85,400,18000,300,5,20,2,30,200,18000,80,1,15,1,10,1,6,1145600
488,0.61,800,15000,50,1,850,0,0,30,20,0,0,30,0,0,2,1,1540500
84,0.57,800,85000,400,10,1440,2,0,100,2500,10,0,600,0.25,0,1,3,3363030
180,1,80,16000,120,0.4,8,0.4,0,40,1000,10,0,5,0.2,0,2,3,5800000
57,1,600,40000,800,20,120,3,0,600,40000,200,2,120,3,0,3,3,320000
1836,0.7,60,3000,200,0.1,0,0.3,0,15,80,5,0,0,0.08,0,1,2,2368100
2000,0.75,10,1500,10,0.1,1,0.02,0,1,40,1,0,0.1,0,0,2,6,1815800
1980,0.9,20,2000,200,0.5,1,0.1,0,18,2000,200,0.1,1,0.09,0,1,3,1042000
1800,0.67,18,2000,200,0.1,1,0.04,0,5,60,10,0,0.5,0.01,0,1,4,1629000
1250,0.66,50,2000,450,1,10,0.42,0,10,50,30,0.1,4,0.08,0,1,5,1627000
2640,0.98,50,3500,1000,100,3,0.5,0,30,3500,200,1,1.5,0.3,0,3,6,954000
720,0.99,10,3000,0,1,0,0,0,10,3000,0,0.1,0,0,0,3,2,60000
28.8,1,160,32000,1600,0.4,16,0,0,160,32000,100,1,16,0,0,2,2,215200
330,1,800,15000,50,1,850,0,0,800,15000,50,0,850,0,0,3,1,65000
200,0.75,50,2500,160,15000,1,0.1,0,5,60,10,0.1,0.1,0.01,0,2,6,1260000
4800,0.98,50,3000,250,2,5,0.5,0,25,3000,250,1,5,0.25,0,1,8,1470000
82,0.47,600,40000,200,1,120,3,0,60,150,10,0,15,0.3,0,1,3,2944500
480,0.99,45,2500,800,10,0.5,0,0,45,2500,800,5,0.5,0,0,3,6,42000
4800,0.99,50,3000,250,2,5,0.5,0,50,3000,250,1,5,0.5,0,1,8,670000
108,1,900,95000,36000,20,1440,2.25,0,800,85000,100,0.1,1440,2,0,1,3,1324000
9960,0.99,100,12000,1500,50,5,1,0,100,12000,150,0.5,5,1,0,3,1,2450000
70,1,10,5500,100,0.1,0,0,0,10,5500,10,0,0,0,0,1,1,65200
80,1,800,15000,150,1,850,0,0,30,20,0,0,30,0,0,2,1,3881200
20000,1,100,11000,2000,100,10,0.25,0,80,10000,200,0.2,8,0.2,0,3,4,10250000
20000,0.815,100,11000,2000,100,10,0.25,0,5,30,1,0,1,0.01,0,3,4,36392400
10800,0.7,30,3000,50,20,0,0.1,0,10,100,10,0,0,0.03,0,1,8,18050000
330,0.91,800,15000,50,0,850,0,0,100,400,0.5,0,100,0,0,2,1,3125500
105.6,0.5,100,30000,1000,0,10,0,0,15,3000,20,0,1,0,0,1,2,3602000
170,0.75,500,18000,60,1,36,2.5,10,50,800,5,0.5,10,0.25,0,1,8,1470000
540,0.9,200,2000,100,0,150,0,0,64,118,1.6,0,72,0,0,2,2,814300
70,1,10,5500,100,5,0,0,0,10,5500,100,1,0,0,0,3,1,36200
1140,0.5,55,12000,50,0.5,1,0.28,0,10,500,2,0,0.2,0.05,0,2,4,665000
1440,0.9,120,4000,100,40,20,0.3,0,100,4000,100,0.1,20,0.25,0,1,3,1150000
1440,1,10,4000,150,0.1,2,0.05,0,5,4000,150,0,1,0.03,0,2,2,300000
50,1,400,4000,200,0,80,0,0,80,150,4.5,0,47.5,0,0,2,1,1929000
2640,0.9,50,2000,300,1,5,0.25,0,50,2000,300,0.2,5,0.25,0,2,4,1132000
1800,0.98,40,2000,200,5,2,0.2,0,20,2000,200,0.5,1,0.1,0,2,3,679000
800,0.9,50,2000,40,10,5,0.25,0,20,2000,40,0,5,0.1,0,1,3,840000
800,1,100,25000,150,0.5,45,0,0,80,10000,20,0,15,0,0,3,1,10612000
5000,0.9375,45,2000,100,0.5,5,0.45,0,20,100,8,0,3,0.2,0,2,4,5487310
240,0.7,45,3800,1400,0.2,1,0.09,0,15,120,5,0,0.1,0.03,0,3,6,273100
300,0.85,400,18000,300,5500,20,2,40,200,18000,80,1,15,1,30,1,6,2165600
2200,0.9,10,1500,650,5,1,0.02,0,10,1500,650,0.1,1,0.02,0,3,6,620000
180,1,50,3400,300,10,5,0.5,0,50,3400,300,1,5,0.5,0,3,4,70000
240,0.98,50,2000,150,10,5,0.25,0,40,2000,150,0.2,4,0.2,0,3,4,51000
1968,0.8375,15,2000,100,0.5,1,0,0,5,60,5,0,0.3,0,0,2,3,2544000
3200,0.75,2,400,300,0.1,0.5,0,0,1,15,15,0,0.1,0,0,1,6,2577000
600,1,100,2000,1000,0.5,5,0.67,0,20,50,5,0,2,0.13,0,2,9,420000
9960,0.9,100,12000,150,0.5,5,1,0,80,12000,5,0,4,0.8,0,2,1,6800000
14000,0.75,90,2000,120,0.1,1,0.45,0,20,100,5,0,0.2,0.1,0,2,2,10250000
800,1,400,20000,100,5,20,2,0,40,1000,10,0,2,0.2,0,1,5,9820000
3200,0.99,10,500,120,0.5,2,0.2,0,5,500,120,0.1,0.5,0.1,0,3,2,599000
600,0.9,200,2000,100,1,150,0,0,200,2000,10,0,150,0,0,2,2,467000
2400,0.9,35,2000,100,2,3,0,0,30,2000,100,0.2,3,0,0,1,3,1452000
200,0.85,500,20000,1000,5,20,2.5,30,400,18000,50,1,18,2,10,1,8,770000
72,0.85,400,30000,150,0.5,200,0,0,200,1500,20,0,100,0,0,2,1,4030000
520,1,20,2200,50,6000,2,0.04,0,20,2200,50,0.5,2,0.04,0,1,6,750600
300,0.9,700,17000,5,0,850,0,0,30,20,0,0,30,0,0,2,1,6042000
270,0.9,200,3000,100,0,50,0,0,168,2420,8.2,0,43,0,0,2,2,495200
2400,0.987,10,2500,0,1,0,0,0,1,83,0,0,0,0,0,2,2,6660000
90,0.8,100,400,0.5,0,100,0,0,30,20,0,0,30,0,0,2,1,152000
2640,1,10,4500,2400,100,1,0.02,0,10,3800,120,10,1,0.02,0,1,6,335965
1320,0.7,10,5000,200,2,5,0,0,5,200,10,0,3,0,0,1,2,1420200
57,0.76,600,40000,800,20,120,3,0,180,3000,20,0,36,0.9,0,1,3,2926700
1200,0.45,60,12000,50,7,1,0.3,0,10,500,2,0,0.2,0.05,0,2,4,990000
9000,0.875,100,12000,150,2,5,1,0,35,633,0.3,0,1.6,0.35,0,2,1,20550000
240,0.7,50,2000,50,2,5,0.5,0,5,30,5,0,1,0.05,0,2,8,500000
1800,0.9,40,2000,200,1,2,0.2,0,18,2000,200,0.1,1,0.09,0,1,3,1397000
160,1,80,125000,750,0,50,0,0,80,10000,20,0,15,0,0,3,1,5972000
57,1,600,40000,2000,100,120,3,0,600,40000,200,2,120,3,0,3,3,640000
727.2,1,10,2000,600,5,1,0,0,10,2000,100,2,1,0,0,2,2,425000
9960,0.99,100,12000,150,0.5,5,1,0,80,12000,150,0.5,4,0.8,0,3,1,750000
4800,0.99,15,1000,1200,272,1,0.04,0,15,1000,200,1,1,0.04,0,3,3,1440000
540,0.99,200,2000,100,0,150,0,0,64,118,1.6,0,72,0,0,2,1,1372300
75,0.52,600,40000,200,0.1,120,3,0,60,150,10,0,15,0.3,0,1,3,2609300
1800,0.67,40,2000,200,1,2,0.2,0,5,60,10,0,0.5,0.03,0,1,3,3026000
900,0.7,50,4000,180,10,1,0.1,0,50,120,45,0.1,0.2,0.1,0,2,6,1929000
960,1,15,3000,100,0,1,0,0,10,3000,100,0,1,0,0,3,2,112000
312,1,720,32000,1600,0.5,80,7.2,0,720,32000,150,0.5,80,7.2,0,3,4,467000
300,0.9,200,3000,100,1,50,0,0,200,3000,10,0,50,0,0,2,2,278800
240,0.99,50,2000,1500,5,5,0.25,0,50,2000,150,3,5,0.25,0,2,4,198000
50,0.52,600,40000,800,20,120,3,0,60,150,10,0,15,0.3,0,1,3,3130000
240,0.75,45,2500,250,1,5,0.23,0,8,100,20,0,1,0.04,0,2,3,385000
6720,0.6,200,30000,500,0.1,0,0,0,30,1000,0.1,0,0,0,0,1,1,13520000
240,1,30,5000,200,0.1,4,0.15,0,17,340,30,0,3,0.09,0,3,3,2824000
550,0.7,10,10000,100,0.1,0.4,0,0,2,60,5,0,0.1,0,0,2,4,460000
1680,0.8,55,12000,50,0.5,1,0.28,0,12,650,3,0,0.3,0.06,0,2,4,1154050
12000,1,10,1500,800,200,0,0.05,0,10,1500,220,20,0,0.05,0,1,4,4330000
255,0.75,200,18000,80,1,15,1,10,40,720,0.75,0,8,0.2,0,1,6,1232400
80,1,800,15000,150,1,850,0,0,800,15000,150,0,850,0,0,3,1,40000
200,0.75,200,3000,100,0,50,0,0,40,100,1,0,15,0,0,2,1,300200
5000,0.7,120,9000,650,0.5,12,0.3,0,30,400,5,0,4,0.08,0,1,4,8455000
4320,1,100,1000,5,5,3,0.5,0,100,1000,5,3,3,0.5,0,1,3,385000
7935,0.9,50,4500,750,10,2,0.1,0,50,4500,750,0.1,1,0.1,0,1,6,3390000
3500,0.75,5,1000,100,1,1,0,0,2,40,5,0,0.2,0,0,2,2,3620000
1800,0.9375,12,2000,100,0.1,1,0,0,8,100,6,0,0.6,0,0,2,3,3047190
528,0.9,45,2500,800,5,0.5,0,0,20,2500,800,0.1,0.5,0,0,3,6,282000
550,1,10,2000,100,1,0.4,0,0,3,120,8,0,0.1,0,0,3,4,5592000
1800,0.75,12,2000,100,0.1,1,0,0,5,60,5,0,0.3,0,0,2,3,1134000
266.4,0.6,40,12000,400,0,4,0,0,10,300,10,0,2,0,0,2,2,205000
1968,0.98,35,2000,100,2,3,0,0,15,2000,100,0.5,1,0,0,3,3,503190
80,0.813,800,15000,150,1,850,0,0,30,20,0,0,30,0,0,2,1,1296200
800,1,400,20000,100,5,20,2,10,40,1000,10,0,2,0.2,0,1,7,13620000
1440,1,10,4000,500,10,2,0.05,0,10,4000,150,1,2,0.05,0,2,2,222500
2976,0.71,2,2000,100,0,0.8,0,0,1,5,1,0,0.1,0,0,1,2,4900000
95,0.84,800,15000,150,1,850,0,0,100,400,0.5,0,100,0,0,2,1,1184200
594,0.833,20,5000,50,1,2,0.1,0,5,200,2,0,0.5,0.03,0,1,3,4130000
1500,0.485,400,30000,100,0.5,40,1,0,100,1000,10,0,15,0.25,0,1,4,4825000
135,0.6,800,8000,40,0,600,0,0,160,350,4,0,180,0,0,2,1,227800
80,0.813,800,15000,500,1,850,0,0,30,20,0,0,30,0,0,2,1,1336200
600,0.675,200,2000,100,1,150,0,0,40,67,1,0,45,0,0,2,1,849500
6720,1,200,30000,500,1,0,0,0,150,30000,5,0,0,0,0,1,1,8340000
630,0.95,150,2000,1000,5,10,1,0,150,2000,1000,0.5,10,1,0,3,9,240000
240,0.7,40,2000,150,0.2,4,0.2,0,10,80,6,0,1,0.05,0,2,4,275020
2640,0.98,10,3800,120,10,1,0.02,0,8,3800,120,0.5,0.5,0.02,0,1,6,700800
108,0.94,800,85000,400,10,1440,2,0,60,1000,30,0,200,0.15,0,1,3,7230000
4800,0.75,50,3000,250,1,5,0.5,0,5,50,30,0,1,0.05,0,1,8,4210000
2040,0.9,60,3000,200,1,0,0.3,0,60,3000,200,0.1,0,0.3,0,1,2,1151350
1848,0.67,50,2000,350,0.1,5,0.42,0,5,50,30,0,1,0.04,0,1,6,2199702
40,0.98,10,400,500,0,0,0,0,10,400,5,0,0,0,0,3,4,300000
72,0.94,800,85000,400,10,1440,2,0,60,1000,30,0,200,0.15,0,1,3,5285130
4320,0.74,100,1000,5,5,3,0.5,0,60,1000,5,0,2,0.3,0,2,3,2357000
960,0.99,45,3800,1400,0.2,1,0.09,0,45,3400,50,0.2,1,0.09,0,3,6,265000
2400,0.75,10,2500,0,1,0,0,0,1,83,0,0,0,0,0,2,2,3500000
45,1,33,33000,330,0.3,1.3,0,0,5,200,20,0,0.2,0,0,3,4,1852000
87,0.86,600,40000,800,20,120,3,0,600,40000,200,0.1,120,3,0,1,3,706700
488,0.72,700,17000,5,0,850,0,0,100,400,0.5,0,100,0,0,2,1,572000
70,1,10,5500,100,1,0,0,0,10,5500,10,0,0,0,0,2,1,101400
4800,0.99,15,1000,200,10,1,0.04,0,15,1000,200,1,1,0.04,0,2,3,520000
80,1,800,15000,150,0,850,0,0,800,15000,5,0.1,850,0,0,1,1,152200
50,0.76,600,40000,2000,100,120,3,0,180,3000,20,0,36,0.9,0,1,3,3077500
87,0.95,600,40000,2000,100,120,3,0,600,40000,200,1,120,3,0,1,3,705500
280.8,0.75,10,1000,10,0,0,0,0,2,40,1,0,0,0,0,2,2,227000
800,1,100,25000,150,10,45,0,0,80,10000,20,0,15,0,0,3,1,10717000
1440,0.75,5,4000,150,0,1,0.03,0,2,100,5,0,0.2,0.01,0,2,2,955000
6720,1,150,30000,500,0,0,0,0,150,30000,5,0,0,0,0,1,1,3800000
1250,0.99,50,2000,450,1,10,0.42,0,50,2000,450,0.1,10,0.42,0,1,5,183000
564,0.9,10,4400,10,0,0,0,0,3,260,1.7,0,0,0,0,2,2,612200
50,0.6375,500,18000,1000,5000,20,2.5,40,50,700,5,0.5,10,0.25,0,1,2,1340000
540,0.9,200,2000,100,0,150,0,0,64,118,1.6,0,72,0,0,2,1,814300
96,1,30,3000,50,1,0.5,0.06,0,20,1000,5,0,0.5,0.04,0,3,8,875500
1320,0.99,10,5000,200,2,5,0,0,8,5000,200,0,4,0,0,3,2,268200
72,1,35,2500,20,0.5,1,0.07,0,3,10,1,0,0.1,0.01,0,2,5,2630900
1516,0.533,700,16000,50,0,0,0,0,700,500,1,0,0,0,0,3,1,2775000
630,0.95,150,2000,1000,15,10,1,0,150,2000,1000,0.5,10,1,0,3,9,300000
3700,1,30,25000,800,0.5,2,0.08,0,10,2000,18,0,1,0.03,0,2,3,58504000
727.2,0.675,10,2000,600,5,1,0,0,3,80,10,0,0.5,0,0,2,2,1275000
60,0.83,3,10,1,0,0.1,0.01,0,1,3,0.5,0,0,0,0,1,5,244000
45,0.75,5,50,1,0.1,5,0.03,0,1,5,0.1,0,2,0.01,0,1,3,305000
1800,0.9375,12,2000,100,0.1,1,0,0,8,100,6,0,0.6,0,0,2,3,1569000
200,0.95,200,1000,50,0.1,30,0,0,40,63,2.5,0,14,0,0,2,1,888200
200,0.95,100,1000,50,0,20,0,0,40,63,2.5,0,14,0,0,2,1,830000
475.2,0.913,10,2000,100,2,1,0,0,9,140,17,0,0.8,0,0,2,2,889600
240,0.883,10,1000,10,1,0,0,0,3.5,53,1.2,0,0,0,0,2,2,414300
5000,0.99,4,500,200,10,1,0.01,0,4,500,200,3,0.6,0.01,0,2,6,420000
200,0.75,50,2000,100,15000,1,0.1,0,5,50,5,0.1,0.1,0.01,0,2,6,1260000
240,0.7,50,5200,50,0.1,2,0,0,10,200,2,0,0.5,0,0,2,2,258000
2200,0.98,10,500,50,5,0,0,0,10,500,50,1,0,0,0,2,7,702200
3888,0.7,90,1000,5,0.2,3,0.45,0,10,5,0,0,0.5,0.05,0,2,3,10552000
540,1,20,5000,50,1,2,0.1,0,5,200,2,0,0.5,0.03,0,2,3,6580000
462.5,1,70,200000,640,1,8,0.18,0,25,8000,15,0,2,0.06,0,2,3,30000000
240,0.99,45,2500,250,1,5,0.23,0,45,2500,250,0.1,5,0.23,0,3,3,50000
600,0.95,150,2000,1000,15,10,1,0,100,2000,50,0.5,5,0.67,0,3,9,550000
20,0.5,50,7000,50,1,1,0.25,0,4,190,2,0,0.3,0.02,0,3,4,188000
70,1,10,5500,100,5,0,0,0,10,5500,100,0.1,0,0,0,3,1,72400
55,1,35,2500,20,2,1,0.07,0,1,3,0.5,0,0,0,0,2,5,3127200
720,0.99,50,2400,40,10,5,0,0,50,2400,40,1,5,0,0,3,4,120000
21700,0.75,20,700,10,0,3,0.05,0,5,30,1,0,1,0.01,0,3,4,6620000
1800,0.67,20,2000,200,0.5,1,0.04,0,5,60,10,0,0.5,0.01,0,1,4,2671000
265,0.98,20,1000,10,1,0,0,0,15,1000,10,0,0,0,0,3,2,88500
154,0.9,800,12000,40,0,200,0,0,64,180,1.6,0,24,0,0,2,1,250200
475.2,1,10,2000,600,5,1,0,0,10,2000,100,2,1,0,0,2,2,382000
26400,0.9,20,10000,200,1,0,0,0,20,10000,200,0,0,0,0,1,1,14500000
200,0.875,400,20000,100,5,20,2,10,100,3000,10,0,5,0.5,0,1,7,12050000
660,1,10,2000,100,2,1,0,0,9.75,147.5,17.5,0,0.875,0,0,2,2,5650000
75,0.76,600,40000,2000,100,120,3,0,180,3000,20,0,36,0.9,0,1,3,3260700
660,0.75,10,2000,100,0.1,1,0,0,3,80,10,0,0.5,0,0,2,2,525000
30,0.9,140000,20000,2,20,450,0,0,180,2000,1,0.1,20,0,0,1,3,7220000
20,1,1000,10000,500,0,200,0,0,1000,10000,2,0,200,0,0,1,1,252000
120,0.9,50,2000,50,0.1,5,0,0,14.5,98,5,0,1.3,0,0,2,1,446000
62,0.61,10,50,1,1,50,0.05,0,1,2,0,0,5,0.01,0,1,3,848000
72,1,900,95000,36000,20,1440,2.25,0,800,90000,2000,10,1440,2,0,3,3,305890
144,0.5,800,80000,200,0,60,4,0,200,2000,5,0,15,1,0,1,3,3800000
300,1,800,15000,50,0,850,0,0,30,20,0,0,30,0,0,2,1,6945500
25400,0.7,100,11000,2000,100,10,0.25,0,20,500,10,0,2,0.05,0,3,4,19410000
108,1,900,95000,36000,20,1440,2.25,0,800,90000,2000,10,1440,2,0,3,3,352000
1440,0.5,180,9000,600,0,0,0.9,0,50,300,20,0,0,0.25,0,1,3,985000
105,0.9,80,1200,500,10,20,0.2,0,20,40,20,0,5,0.05,0,2,3,540000
11880,1,6.4,16252,800,100,1,0,0,6.4,16252,200,10,1,0,0,3,3,1052000
100,1,50,1500,100,1,5,0,0,40,1500,100,0,4,0,0,3,1,45200
55,1,10,50,1,0.1,50,0.05,0,1,2,0,0,5,0.01,0,2,3,1470000
528,0.9,20,2500,800,0.1,0.5,0,0,5,100,1,0,0.1,0,0,3,6,410900
594,0.99,40,5000,50,5,2,0.2,0,40,5000,50,1,2,0.2,0,2,3,85000
4320,0.9,100,1000,5,5,3,0.5,0,90,1000,5,0.2,3,0.45,0,3,3,2005000
480,0.65,40,2500,800,0.5,0.5,0,0,5,100,1,0,0.1,0,0,3,6,462900
57,1,600,40000,2000,100,120,3,0,600,40000,800,20,120,3,0,3,3,320000
11880,0.9,6.4,16252,200,1,1,0,0,6.4,16252,200,0.1,1,0,0,1,3,3250000
1140,0.8,55,12000,50,0.5,1,0.28,0,12,650,3,0,0.3,0.06,0,2,4,934000
960,0.7,45,3800,50,0.2,1,0.09,0,15,110,5,0,0.1,0.03,0,3,6,641000
50,0.52,600,40000,2000,100,120,3,0,30,2000,10,1,1,0.15,0,1,3,3450000
105.6,1,100,30000,150,3000,10,0,0,15,3000,20,0,1,0,0,2,2,6852000
4800,0.96,60,3000,2000,10,0,0.3,0,35,160,16,0,0,0.18,0,1,3,17705000
270,0.75,200,3000,10,0,50,0,0,40,100,1,0,15,0,0,2,2,235200
1700,0.85,50,2000,10,1,5,1,0,10,181,1,0,2,0.2,0,2,8,2700000
70,1,10,5500,100,5,0,0,0,3,266,1.7,0,0,0,0,2,1,2092600
50,0.85,500,18000,1000,5000,20,2.5,40,400,16200,50,1,18,2,10,1,2,820000
540,0.75,200,2000,10,0,150,0,0,40,60,1,0,45,0,0,2,2,382500
11,1,20,200,4,0.1,20,0.1,0,5,10,0.5,0,5,0.03,0,3,3,805000
5250,0.95,60,6000,500,20,5,1,0,60,6000,500,1,5,1,0,3,10,2800000
43.2,1,160,32000,1600,0.4,16,0,0,30,350,40,0,2,0,0,2,2,4890000
240,0.98,45,3800,1400,2,1,0.09,0,45,3800,50,0.2,1,0.09,0,3,6,127200
600,0.9,200,2000,100,1,150,0,0,200,2000,10,0,150,0,0,2,1,467000
9000,0.95,80,12000,5,0,4,0.8,0,35,633,0.3,0,1.6,0.35,0,2,1,23200000
960,0.67,50,2400,40,0.5,5,0.5,0,10,80,2,0,1,0.1,0,1,4,828750
660,0.9375,10,2000,100,2,1,0,0,9,140,17,0,0.8,0,0,2,2,760000
4320,0.74,100,1000,5,5,3,0.5,0,20,50,1,0,1,0.1,0,2,3,7577000
25,0.7,160,6000,400,0,16,0,0,40,200,20,0,4,0,0,2,1,223000
2500,0.65,35,1500,10,1,1,0.07,0,3,45,1,0,0.1,0.01,0,2,6,1995700
220,0.675,200,3000,100,1,50,0,0,40,100,1,0,15,0,0,2,1,424000
2500,0.895,35,1500,10,1,1,0.07,0,6,110,1.8,0,0.15,0.01,0,2,6,2585500
33,1,140000,20000,2,20,450,0,0,200,2000,1,2,20,0,0,1,3,4800000
72,1,900,95000,36000,20,1440,2.25,0,800,90000,2000,10,1440,2,0,3,3,257335
900,0.99,50,2000,10,1,10,0.05,0,20,2000,10,1,8,0.02,0,1,8,225000
24000,0.5,20,10000,200,0,0,0,0,5,500,10,0,0,0,0,1,1,10660000
84,1,90,15000,600,0.1,10,0.45,0,30,600,50,0,5,0.15,0,3,3,2574000
4000,0.68,60,1000,5,0,2,0.3,0,10,5,0,0,0.5,0.05,0,1,3,10200000
22000,0.99,100,10000,200,10,8,0.25,0,100,10000,200,1,8,0.25,0,3,4,2850000
14000,0.75,60,2000,120,0,0.5,0.3,0,20,100,5,0,0.2,0.1,0,2,2,9150000
350,1,400,18000,300,5500,20,2,0,400,18000,300,0.5,20,2,0,1,3,1230000
240,0.98,50,2000,1500,5,5,0.25,0,40,2000,150,1,4,0.2,0,2,4,219000
7200,1,10,1500,800,200,0,0.03,0,10,1500,220,20,0,0.03,0,1,3,4390000
72,0.67,35,2500,20,0.5,1,0.07,0,10,100,2,0,0.2,0.02,0,1,5,524500
630,0.95,150,2000,1000,15,10,1,0,100,2000,1000,0.5,5,0.67,0,3,9,400000
87,1,600,40000,2000,100,120,3,0,600,40000,200,2,120,3,0,3,3,674000
1200,0.7,10,1000,50,1,0,0,0,2,30,5,0,0,0,0,2,8,1150000
70.2,0.6,40,4000,40,0,0,0,0,10,120,2,0,0,0,0,2,2,152000
3888,1,90,1000,5,0.2,3,0.45,0,60,1000,5,0,2,0.3,0,3,3,352000
7.5,1,530,20000,1300,0,53,0,0,40,500,0.5,0,4,0,0,2,1,1422500
240,0.7,50,2000,1500,5,5,0.25,0,10,80,6,0,1,0.05,0,2,4,494020
1065.6,0.75,10,3000,100,0,1,0,0,4,100,5,0,0.3,0,0,2,2,956000
244,0.7,50,10000,200,0.5,3,0.13,0,10,300,10,0,0.5,0.03,0,2,3,255200
540,0.917,40,5000,50,5,2,0.2,0,5,200,2,0,0.5,0.03,0,1,3,4330000
720,0.987,10,3000,0,0.1,0,0,0,1,100,0,0,0,0,0,2,2,2368000
96,0.99,30,3000,50,1,0.5,0.06,0,20,3000,50,0.1,0.2,0.04,0,3,8,8500
62,0.61,5,50,1,0,20,0.03,0,1,2,0,0,5,0.01,0,1,3,581000
25400,0.85,80,10000,200,0.2,8,0.2,0,20,700,10,0,3,0.05,0,3,4,19522400
30,0.72,200,2000,1,2,20,0,0,50,100,1,0,1,0,0,1,3,5484867
1200,0.6,35,5000,400,0,2,0.7,0,10,200,20,0,0.5,0.2,0,1,2,1150000
1440,1,10,4000,150,1,2,0.05,0,5,4000,150,0,1,0.03,0,2,2,565000
5280,0.585,50,4000,200,1,0,0,0,5,120,10,0,0,0,0,1,3,6780000
87,0.95,600,40000,800,20,120,3,0,600,40000,200,1,120,3,0,1,3,371500
126,0.57,800,90000,2000,10,1440,2,0,100,2500,10,0,600,0.25,0,1,3,4222000
80,0.813,800,15000,5,0.1,850,0,0,30,20,0,0,30,0,0,2,1,1144000
600,1,150,2000,1000,0.5,10,1,0,100,2000,50,0.5,5,0.67,0,3,9,250000
2400,0.75,25,3500,200,0.1,1.5,0.25,0,5,100,10,0,1,0.05,0,3,6,1864000
1065.6,0.75,15,3000,100,0,1,0,0,4,100,5,0,0.3,0,0,2,2,1068000
18000,0.99,90,3000,120,0.1,1,0.45,0,60,3000,120,0,0.5,0.3,0,3,2,1650000
6720,1,200,30000,500,1,0,0,0,150,30000,500,0,0,0,0,1,1,4540000
200,0.75,50,2000,160,5000,1,0.1,0,5,60,10,0.1,0.1,0.01,0,2,6,1210000
50,0.6375,500,18000,1000,5,18,2.5,30,50,700,5,0.5,10,0.25,0,1,2,940000
6720,1,200,30000,3000,10,0,0,0,200,30000,500,1,0,0,0,2,1,1500000
1968,0.65,15,2000,100,0.5,1,0,0,5,60,5,0,0.3,0,0,2,3,2109000
200,1,50,2000,30,15000,1,0.1,0,50,2000,30,5000,1,0.1,0,3,6,50000
437.5,0.4,170,8570,56,0.6,5.6,0.34,0,30,220,5,0,1,0.06,0,2,6,225300
5000,0.99,120,9000,650,0.5,12,0.3,0,120,9000,30,0.5,12,0.3,0,2,4,2930000
720,1,10,1000,1000,200,1,0,0,10,1000,200,0.5,1,0,0,3,1,803800
300,1,800,15000,5,0.1,850,0,0,30,20,0,0,30,0,0,2,1,6524500
488,0.72,800,15000,5,0.1,850,0,0,100,400,0.5,0,100,0,0,2,1,759500
3700,0.75,10,25000,800,0.1,1,0.03,0,5,1000,20,0,0.3,0.01,0,2,3,5750000
2400,0.99,10,2500,0,1,0,0,0,5,2500,0,0,0,0,0,3,2,530000
7400,0.5,200,33000,200,0.5,20,0.5,0,50,1000,10,0,5,0.13,0,2,4,8102400
1250,0.66,60,2000,450,20,10,0.5,0,10,50,30,0.1,4,0.08,0,1,5,2350000
630,0.95,150,2000,1000,5,10,1,0,100,2000,1000,0.5,5,0.67,0,3,9,340000
789.4444444,0.96,20,10800,0,0,0,0,0,18,3330,0,0,0,0,0,2,2,3160000
4320,0.75,15,1000,200,0.1,1,0.04,0,4,30,6,0,0.3,0.01,0,1,3,3780000
57,0.95,600,40000,200,2,120,3,0,600,40000,200,1,120,3,0,1,3,22500
300,1,800,15000,50,1,850,0,0,30,20,0,0,30,0,0,2,1,7010500
432,0.9375,10,2000,100,2,1,0,0,9,140,17,0,0.8,0,0,2,2,624600
300,0.9,800,15000,50,1,850,0,0,30,20,0,0,30,0,0,2,1,3190500
1330,0.99,50,5000,400,0.5,3,1,0,40,5000,400,0.2,2,0.8,0,2,2,193000
80,1,800,15000,500,1,850,0,0,800,15000,150,0,850,0,0,3,1,365000
2640,1,10,4500,2400,100,1,0.02,0,10,3800,120,1,1,0.02,0,1,6,611765
5280,1,60,3000,2000,10,0,0.3,0,60,3000,200,10,0,0.3,0,3,3,850000
5000,0.99,5,500,200,1000,1,0.01,0,4,500,200,3,0.6,0.01,0,3,6,650000
11800,0.9,30,3000,50,10,0,0.1,0,30,3000,50,1,0,0.1,0,1,8,5600000
720,0.67,30,2400,40,0.5,5,0,0,5,80,2,0,1,0,0,3,4,570000
26400,0.99,20,10000,2000,5,0,0,0,20,10000,200,0.5,0,0,0,3,1,6400000
5000,0.75,4,500,200,10,1,0.01,0,1,25,10,0,0.1,0,0,3,6,6120000
4800,0.75,50,3000,250,2,5,0.5,0,5,50,30,0,1,0.05,0,1,8,4880000
540,0.9,20,4000,30,0.1,2,0.1,0,5,200,2,0,0.5,0.03,0,1,3,3910000
240,0.7,30,5200,50,0,1,0,0,10,200,2,0,0.5,0,0,2,2,215000
22000,1,100,11000,2000,100,10,0.25,0,100,10000,200,10,8,0.25,0,3,4,2150000
70,0.67,10,5500,100,1,0,0,0,2,200,1,0,0,0,0,2,1,453400
6720,1,200,30000,3000,10,0,0,0,150,30000,500,0,0,0,0,2,1,6040000
82,0.69,600,40000,200,1,120,3,0,180,3000,20,0,36,0.9,0,1,3,2555200
9000,0.95,80,12000,150,0.5,4,0.8,0,35,633,0.3,0,1.6,0.35,0,2,1,29250000
11880,0.99,6.4,16252,800,100,1,0,0,6.4,16252,200,1,1,0,0,3,3,2572000
200,1,200,1000,50,1,30,0,0,40,63,2.5,0,14,0,0,2,1,2336300
80,0.9,400,20000,150,0.5,200,10,0,200,1000,20,0,100,5,0,2,1,3860000
300,1,800,15000,50,0,850,0,0,100,400,0.5,0,100,0,0,2,1,6650500
2256,0.8,450,48000,20,0,16,4.5,0,90,1500,1,0,4,0.9,0,2,1,13950000
4800,0.7,60,3000,200,0,0,0.3,0,20,100,10,0,0,0.1,0,1,3,4050000
1250,0.66,50,2000,450,0.1,10,0.42,0,10,50,30,0.1,4,0.08,0,1,5,1444000
10700,0.673,1,2000,200,0.5,0,0.02,0,0,10,1,0,0,0,0,1,2,25580000
4800,1,60,3000,200,1,0,0.3,0,36,165,17,0,0,0.18,0,1,3,24335000
70,1,10,6000,500,10,0,0,0,10,5500,100,1,0,0,0,3,1,381200
135,0.6,800,8000,40,0,600,0,0,160,350,4,0,180,0,0,2,2,227800
265,0.99,20,1000,10,0.1,0,0,0,15,1000,10,0,0,0,0,3,2,51000
30,1,140000,20000,10,3000,500,0,0,200,2000,1,2,20,0,0,1,3,6170000
9000,0.875,80,12000,150,0.5,4,0.8,0,35,633,0.3,0,1.6,0.35,0,2,1,19150000
960,0.99,45,3000,300,1,3,0.11,0,45,3000,300,0.2,3,0.11,0,2,3,355000
154,0.75,200,3000,10,0,50,0,0,40,100,1,0,15,0,0,2,1,165200
300,1,800,15000,50,1,850,0,0,100,400,0.5,0,100,0,0,2,1,6715500
20,0.99,5,400,100,1,1,0,0,2,400,100,0.5,0,0,0,3,6,9300
72,1,800,90000,2000,10,1440,2,0,800,85000,100,0.1,1440,2,0,1,3,844670
160,1,80,125000,150,0,50,0,0,80,10000,20,0,15,0,0,3,1,5620000
350,0.9,200,2000,100,1,150,0,0,200,2000,100,0,150,0,0,3,1,183000
94.5,0.9,180,20000,100,10,90,0.18,0,90,1000,20,0,10,0.09,0,1,8,1500000
30,0.72,180,2000,1,0.1,20,0,0,50,100,1,0,1,0,0,1,3,3064867
240,0.97,50,2000,1500,5,5,0.25,0,40,2000,150,0.2,4,0.2,0,3,4,249000
26400,0.99,20,10000,200,1,0,0,0,20,10000,200,0.5,0,0,0,2,1,3550000
81,0.67,4,400,100,0.5,0,0.01,0,0,4,0.5,0,0,0,0,1,6,192100
80,0.9,800,15000,150,1,850,0,0,800,15000,5,0,850,0,0,2,1,407200
540,0.9,800,8000,40,0,600,0,0,64,118,1.6,0,72,0,0,2,1,610300
5000,0.67,60,6000,500,1,5,1,0,5,200,50,0.5,1,0.08,0,3,10,2500000
108,0.75,40,8000,400,0.1,4,0,0,30,350,40,0,2,0,0,2,2,172600
100,0.925,40,1500,100,0,4,0,0,16,119,7.8,0,1.6,0,0,2,1,585000
720,0.987,5,3240,0,0,0,0,0,1,100,0,0,0,0,0,2,2,2300000
155,1,1440,64000,300,1,160,14.4,0,200,2000,10,0,50,2,0,3,4,5843590
96,0.75,30,3000,50,5,0.5,0.06,0,3,100,3,0,0,0.01,0,3,8,139500
141,1,40,17600,40,0,0,0,0,10,1000,5,0,0,0,0,2,2,3262600
200,0.75,200,1000,50,1,30,0,0,30,40,2,0,5,0,0,2,1,407300
540,0.75,200,2000,100,0,150,0,0,40,60,1,0,45,0,0,2,2,586500
102,0.6,700,17000,5,0,850,0,0,30,20,0,0,30,0,0,2,1,404000
5280,0.99,50,4000,800,20,0,0,0,50,4000,200,1,0,0,0,2,3,1720000
200,0.875,400,20000,100,5,20,2,0,100,3000,10,0,5,0.5,0,1,5,6250000
70,0.67,10,6000,500,10,0,0,0,2,200,1,0,0,0,0,2,1,834600
240,0.7,45,3800,50,0.2,1,0.09,0,15,120,5,0,0.1,0.03,0,2,6,201100
33,0.9,200,2000,1,2,20,0,0,180,2000,1,0.1,20,0,0,1,3,2420000
25400,0.7,80,10000,200,0.2,8,0.2,0,20,500,10,0,2,0.05,0,2,4,9160000
11880,0.9,6.4,16252,200,10,1,0,0,6.4,16252,200,0.1,1,0,0,2,3,4770000
800,0.943,700,30000,200,0.1,0,0,0,700,16000,50,0,0,0,0,3,1,2422500
80,1,800,15000,150,1,850,0,0,800,15000,5,0.1,850,0,0,2,1,192200
4800,0.9,15,1000,1200,272,1,0.04,0,15,1000,200,0.1,1,0.04,0,2,3,3600000
1065.6,0.9,10,3000,100,0,1,0,0,5.7,157,6.5,0,0.8,0,0,2,2,1161000
25400,0.64,100,10000,200,10,8,0.25,0,5,30,1,0,1,0.01,0,3,4,23880000
1812,0.75,900,96000,40,0,32,9,0,900,48000,20,0,16,9,0,3,1,10100000
488,0.61,700,17000,5,0,850,0,0,30,20,0,0,30,0,0,2,1,867000
3400,0.75,50,3200,100,0.5,1,0,0,5,120,5,0,0,0,0,1,6,4349000
240,1,40,2000,150,0.2,4,0.2,0,15,120,10,0,2,0.08,0,2,4,476020
10200,0.706,0.8,2000,200,0,0,0.02,0,0,10,1,0,0,0,0,1,2,18770000
120,0.75,700,17000,5,0,850,0,0,100,400,0.5,0,100,0,0,2,1,252000
55,0.9,600,40000,200,1,120,3,0,600,40000,200,0.1,120,3,0,1,3,265000
312,1,720,32000,1600,0.5,80,7.2,0,120,1200,10,0,30,1.2,0,3,4,7127390
200,1,50,2000,160,15000,1,0.1,0,50,2000,160,5000,1,0.1,0,3,6,50000
32,0.9,2000,20000,100,0,1500,0,0,2000,10000,50,0,500,0,0,3,1,428000
450,1,48,8000,400,0.1,4,0,0,20,500,17,0,4,0,0,3,3,6685000
3400,0.5,50,3200,100,0.5,1,0,0,5,80,4,0,0,0,0,1,6,3222000
540,1,40,5000,50,5,2,0.2,0,20,5000,50,0.1,2,0.1,0,1,3,420000
18000,0.75,60,3000,120,0,0.5,0.3,0,20,150,5,0,0.2,0.1,0,2,2,10550000
7235,0.7,50,4500,10,0.1,1,0.1,0,5,150,5,0,0.5,0.01,0,1,6,4024000
600,0.675,200,2000,100,1,150,0,0,40,67,1,0,45,0,0,2,2,849500
2640,0.99,10,3800,120,10,1,0.02,0,10,3800,120,1,1,0.02,0,1,6,275800
330,1,10,1600,20,8000,1,0.02,0,10,1600,20,40,1,0.02,0,1,6,100000
9960,0.99,100,12000,1500,50,5,1,0,80,12000,150,0.5,4,0.8,0,3,1,3200000
240,0.98,50,2000,1500,10,5,0.25,0,40,2000,150,0.2,4,0.2,0,3,4,72000
2400,0.75,50,3500,1000,100,3,0.5,0,5,100,10,0,1,0.05,0,3,6,3950000
70,0.9,10,5500,10,0,0,0,0,2.3,250,1.5,0,0,0,0,2,1,575000
72,0.99,5,400,100,1,0.1,0.01,0,4,400,100,0.5,0,0.01,0,3,6,35000
4320,0.74,100,1000,5,3,3,0.5,0,20,50,1,0,1,0.1,0,2,3,7192000
96,0.75,20,3000,50,0.1,0.2,0.04,0,3,100,3,0,0,0.01,0,2,8,124500
90,1,700,17000,5,0,850,0,0,100,400,0.5,0,100,0,0,2,1,3362000
15,1,3200,300000,100,0,8500,0,0,700,17000,5,0,850,0,0,2,1,2585000
320,0.9,200,2000,100,0,150,0,0,64,118,1.6,0,72,0,0,2,1,649300
2400,0.65,50,2000,300,0.2,5,0.25,0,10,60,20,0,1,0.05,0,2,4,1548000
1440,0.75,10,4000,150,0.1,2,0.05,0,2,100,5,0,0.2,0.01,0,2,2,1255000
1800,0.67,40,2000,200,1,2,0.08,0,5,60,10,0,0.5,0.01,0,1,4,3026000
11880,0.585,6.4,16252,200,1,1,0,0,2,800,20,0,0,0,0,1,3,22282500
7200,1,50,3000,300,10,5,0.1,0,50,3000,300,1,5,0.1,0,2,10,3300000
480,0.65,20,2500,10,0.1,0.5,0,0,5,100,1,0,0.1,0,0,2,6,345700
65,1,30,2000,10,10,1,0.15,0,30,2000,10,1,1,0.15,0,3,3,135000
90,0.75,800,15000,500,1,850,0,0,100,400,0.5,0,100,0,0,2,1,984200
9000,0.8,0.2,100,10,0,0,0,0,0,10,1,0,0,0,0,1,2,7520000
200,1,100,1000,50,0,20,0,0,40,63,2.5,0,14,0,0,2,1,2230000
9000,1,80,12000,150,0,4,0.8,0,80,12000,5,0,4,0.8,0,1,1,2200000
960,0.67,50,2400,40,10,5,0.5,0,10,80,2,0,1,0.1,0,1,4,1478750
38,0.6,800,12000,40,0,200,0,0,160,500,4,0,60,0,0,2,1,85000
57,0.95,600,40000,800,20,120,3,0,600,40000,200,1,120,3,0,1,3,342500
9000,0.75,100,12000,150,0.5,5,1,0,20,400,0.1,0,1,0.2,0,2,1,16050000
800,0.8,100,25000,150,0.5,45,0,0,80,10000,20,0,15,0,0,2,1,4640000
50,1,35,2500,20,10,1,0.07,0,1,3,0.5,0,0,0,0,2,5,3284445
11880,0.585,6.4,16252,800,100,1,0,0,2,800,20,0,0,0,0,1,3,24854500
720,0.67,50,2000,40,10,5,0.25,0,5,50,2,0,1,0.03,0,1,3,1400000
14000,0.99,100,2000,1000,5,1,0.5,0,90,2000,120,0.1,1,0.45,0,3,2,1875000
5280,0.585,50,4000,200,5,0,0,0,5,120,10,0,0,0,0,1,3,7400000
11880,1,6.4,16252,4253,600,1,0,0,6.4,16252,800,100,1,0,0,3,3,919210
200,0.95,200,1000,50,1,30,0,0,40,63,2.5,0,14,0,0,2,1,936300
26400,0.45,20,10000,200,1,0,0,0,5,500,10,0,0,0,0,1,1,25160000
160,1,80,125000,750,0,50,0,0,80,125000,150,0,50,0,0,3,1,352000
9000,0.95,100,12000,150,2,5,1,0,35,633,0.3,0,1.6,0.35,0,2,1,30650000
1800,0.97,0,20000,400,0,0,0,0,0,5000,100,0,0,0,0,3,3,5200000
11880,0.585,6.4,16252,200,10,1,0,0,2,800,20,0,0,0,0,1,3,23802500
475.2,0.9,10,2000,100,2,1,0,0,10,2000,100,0.1,1,0,0,3,2,265000
108,1,900,95000,36000,20,1440,2.25,0,800,85000,200,10,1440,2,0,3,3,704000
82,0.9,600,40000,200,1,120,3,0,600,40000,200,0.1,120,3,0,1,3,335200
72,1,900,95000,36000,20,1440,2.25,0,800,85000,200,10,1440,2,0,3,3,514670
220,0.9,200,3000,100,1,50,0,0,200,3000,10,0,50,0,0,2,1,238800
7.5,1,530,20000,1300,0,53,0,0,530,20000,10,0,53,0,0,1,1,42500
300,1,800,15000,5,0.1,850,0,0,100,400,0.5,0,100,0,0,2,1,6229500
925,0.5,35,100000,320,0.5,4,0.09,0,15,3000,8,0,1.5,0.04,0,2,3,21802000
720,0.87,10,3000,0,0.1,0,0,0,1,100,0,0,0,0,0,2,2,1218000
244,0.6,50,10000,200,0.5,3,0.13,0,4,15,1,0,0.2,0.01,0,2,3,449400
10,1,2000,150000,750,2.5,1000,0,0,500,1500,20,0,500,0,0,2,1,662000
594,0.675,20,5000,50,1,2,0.1,0,5,200,2,0,0.5,0.03,0,1,3,580000
800,0.99,100,4000,200,0.2,5,1,0,80,4000,200,0.1,4,0.8,0,2,1,185000
25400,0.7,100,10000,200,10,8,0.25,0,20,500,10,0,2,0.05,0,3,4,17260000
2200,0.75,10,500,50,5,0,0,0,1,20,2,0,0,0,0,2,7,4272000
28.8,1,160,32000,1600,0.4,16,0,0,30,350,40,0,2,0,0,2,2,3441400
72,0.75,100,2500,10,0,600,0.25,0,50,100,1,0,200,0.13,0,2,3,240000
100,0.75,40,1500,100,0,4,0,0,10,100,5,0,1,0,0,2,1,362000
594,0.9,20,5000,50,1,2,0.1,0,20,5000,50,0.1,2,0.1,0,1,3,220000
300,0.79,200,3000,100,1,50,0,0,64,180,1.6,0,24,0,0,2,2,639000
564,0.75,10,4400,10,0,0,0,0,2,120,1,0,0,0,0,2,2,355200
2160,0.87,10,3000,0,0.1,0,0,0,1,100,0,0,0,0,0,2,2,3505000
72,0.67,5,400,100,1,0.1,0.01,0,1,15,8,0,0,0,0,1,6,140000
24,1,400,20000,1500,2,40,2,0,100,1000,50,0,10,0.5,0,2,4,1950000
5616,0.5,0,20000,200,0,0,0,0,0,1000,50,0,0,0,0,1,3,3400000
270,0.9,800,12000,40,0,200,0,0,64,180,1.6,0,24,0,0,2,2,360200
240,0.9,40,2000,150,0.2,4,0.2,0,12,90,8,0,1,0.06,0,2,4,446020
40,1,10,50,1,10,5,0.05,0,1.7,6,0.2,0,2.6,0.01,0,2,3,1170000
9000,0.75,100,12000,150,2,5,1,0,20,400,0.1,0,1,0.2,0,2,1,16700000
50,0.8,1000,10000,2,0,200,0,0,80,150,4.5,0,47.5,0,0,2,1,155000
2160,0.99,10,3000,0,1,0,0,0,10,3000,0,0.1,0,0,0,3,2,225000
10800,0.905,6.4,16252,200,0.1,1,0,0,2,800,20,0,0,0,0,1,3,85237788
1800,1,12,2000,100,0.1,1,0,0,8.6,155,7,0,1,0,0,3,3,7819000
1320,0.9,40,5000,400,0.2,2,0.8,0,35,5000,400,0,2,0.7,0,1,2,797500
240,0.825,30,5000,200,0.1,4,0.15,0,14,280,26,0,2.6,0.07,0,2,3,474000
57,0.684,180,3000,20,0,36,0.9,0,60,150,10,0,15,0.3,0,1,3,389300
2200,0.75,2,500,50,0.5,0,0,0,1,20,2,0,0,0,0,2,7,3569800
5280,0.99,60,3000,2000,10,0,0.3,0,60,3000,200,1,0,0.3,0,3,3,1370000
240,1,50,2000,150,1,5,0.25,0,15,120,10,0,2,0.08,0,2,4,2426020
5000,0.7,150,9000,350,50,15,0.38,0,30,400,5,0,4,0.08,0,1,4,13837000
3157.777778,0.9,5,2700,0,0,0,0,0,1,83,0,0,0,0,0,1,2,3780000
947.3333333,0.9,5,3240,0,0,0,0,0,1,100,0,0,0,0,0,1,2,1150000
105.6,1,100,30000,1000,0,10,0,0,100,30000,150,0,10,0,0,1,2,852000
62,0.75,5,50,1,0,20,0.03,0,2,5,0,0,10,0.01,0,1,3,355000
72,0.67,5,400,100,5,0.1,0.01,0,0,4,0.5,0,0,0,0,1,6,257100
2400,0.75,45,3500,200,2,3,0.45,0,5,100,10,0,1,0.05,0,3,6,3448000
947.3333333,0.75,6,3240,0,0,0,0,0,1,100,0,0,0,0,0,1,2,885000
4800,0.75,25,3000,250,1,5,0.25,0,5,50,30,0,1,0.05,0,1,8,3410000
475.2,0.9,10,2000,600,5,1,0,0,10,2000,100,0.1,1,0,0,3,2,647000
2000,0.75,10,1500,650,50,1,0.02,0,1,40,1,0,0.1,0,0,2,6,3250000
1140,0.44,35,13000,400,0.5,1,0.18,0,5,400,20,0,0.2,0.03,0,2,4,823000
2640,0.9,10,3800,120,10,1,0.02,0,6,3800,120,0.1,0.5,0.01,0,1,6,1999800
600,0.9,10,2000,100,1,0.4,0,0,10,2000,100,0.1,0.4,0,0,3,4,380000
72,0.67,133,6666,500,0.7,13,0.67,0,20,200,30,0,3,0.1,0,2,4,201000
72,0.67,900,95000,36000,20,1440,2.25,0,100,2500,10,0,600,0.25,0,1,3,3974810
330,1,800,15000,50,0,850,0,0,800,15000,5,0.1,850,0,0,2,1,421000
3500,0.75,5,2000,100,1,1,0,0,2,60,5,0,0.2,0,0,2,2,3620000
11880,0.9,6.4,16252,4253,600,1,0,0,6.4,16252,200,0.1,1,0,0,2,3,6741210
350,0.675,200,2000,100,1,150,0,0,40,67,1,0,45,0,0,2,1,649500
925,0.5,35,100000,320,0.5,4,0.09,0,15,3000,8,0,1.5,0.04,0,1,3,21650000
200,0.6375,500,20000,1000,5,18,2.5,30,50,800,5,0.5,10,0.25,0,1,8,1610000
600,0.5,100,2000,50,0.5,5,0.67,0,20,50,5,0,2,0.13,0,2,9,270000
488,0.61,800,15000,50,0,850,0,0,30,20,0,0,30,0,0,2,1,1475500
2400,0.99,10,2500,0,1,0,0,0,10,2500,0,0.1,0,0,0,3,2,245000
25400,0.85,100,10000,200,10,8,0.25,0,20,700,10,0,3,0.05,0,3,4,27622400
2400,0.65,50,2000,300,1,5,0.25,0,10,60,20,0,1,0.05,0,1,4,3332000
200,1,50,2000,160,5000,1,0.1,0,50,2000,160,1,1,0.1,0,1,6,832900
240,0.75,25,2500,250,0.1,3,0.13,0,8,100,20,0,1,0.04,0,2,3,270000
1800,0.9,40,2000,200,1,2,0.08,0,18,2000,200,0.1,1,0.04,0,1,4,1397000
7200,1,10,1500,800,200,0,0.05,0,10,1500,220,20,0,0.05,0,1,3,3850000
2400,0.87,10,2500,0,1,0,0,0,1,83,0,0,0,0,0,2,2,4310000
54,0.9,2000,20000,100,0,1500,0,0,2000,10000,50,0,500,0,0,3,3,558000
55,1,35,2500,20,2,1,0.07,0,3,10,1,0,0.1,0.01,0,2,5,2883200
240,1,30,5000,200,1,4,0.15,0,17,340,30,0,3,0.09,0,3,3,2874000
1440,0.5,100,12000,400,0.1,5,0.2,0,20,450,75,0,1,0.04,0,2,6,1244000
28.8,1,160,32000,100,1,16,0,0,30,350,40,0,2,0,0,2,2,3226200
9960,1,100,12000,1500,50,5,1,0,100,12000,150,2,5,1,0,3,1,1800000
1250,0.75,180,8000,400,0.5,20,1.8,0,15,80,5,0,1,0.15,0,3,4,1814320
30,1,160,8000,200,0,12,0,0,64,520,23,0,3,0,0,2,1,1482000
4800,0.7,60,3000,2000,10,0,0.3,0,20,100,10,0,0,0.1,0,2,3,8220000
960,0.98,45,3800,1400,2,1,0.09,0,45,3400,50,0.2,1,0.09,0,3,6,437000
727.2,0.9,10,2000,100,2,1,0,0,10,2000,100,0.1,1,0,0,3,2,325000
72,0.99,5,400,100,5,0.1,0.01,0,5,400,100,1,0.1,0.01,0,3,6,30000
1370,0.9,60,2000,450,20,10,0.5,0,50,2000,450,0.1,10,0.42,0,1,5,906000
1800,0.67,40,2000,200,5,2,0.2,0,5,60,10,0,0.5,0.03,0,1,3,3350000
240,0.7,50,2000,150,10,5,0.25,0,10,80,6,0,1,0.05,0,2,4,296020
582,0.75,200,17700,45,0,15,1,10,40,800,2,0,8,0.2,0,1,3,2650000
96,1,400,20000,150,0.5,200,10,0,300,1000,20,0,200,7.5,0,2,1,5622000
108,1,800,90000,2000,10,1440,2,0,800,85000,100,0.1,1440,2,0,1,3,972000
475.2,0.675,10,2000,600,5,1,0,0,3,80,10,0,0.5,0,0,2,2,1099000
432,1,10,2000,100,2,1,0,0,9.75,147.5,17.5,0,0.875,0,0,2,2,4066000
220,0.79,200,3000,100,1,50,0,0,64,180,1.6,0,24,0,0,2,1,529000
72,0.98,5,400,100,5,0.1,0.01,0,4,400,100,0.5,0,0.01,0,1,6,65000
1200,0.98,10,1000,50,5,0,0,0,5,1000,50,1,0,0,0,2,8,450000
45,1,5,50,1,0.1,5,0.03,0,1.7,6,0.2,0,2.6,0.01,0,2,3,1110000
960,0.75,45,3000,300,1,3,0.11,0,15,100,20,0,0.5,0.04,0,1,3,1508400
6720,1,200,30000,3000,10,0,0,0,150,30000,5,0,0,0,0,1,1,9840000
200,0.75,1600,80000,400,20,80,8,0,100,3000,10,0,5,0.5,0,1,7,9250000
564,0.9,10,5000,10,1,0,0,0,3,260,1.7,0,0,0,0,2,2,654700
108,1,900,95000,36000,20,1440,2.25,0,800,85000,400,10,1440,2,0,3,3,704000
40,1,10,50,1,1,50,0.05,0,1,2,0,0,5,0.01,0,2,3,1673000
120,1,400,18000,1200,5500,20,0.8,0,400,18000,1200,2,20,0.8,0,1,6,620000
600,1,100,2000,1000,0.5,5,0.67,0,100,2000,50,0.5,5,0.67,0,3,9,150000
2500,0.895,35,1500,10,10,1,0.07,0,6,110,1.8,0,0.15,0.01,0,2,6,2857800
1968,0.9,15,2000,100,0.5,1,0,0,12,2000,100,0.1,1,0,0,2,3,975000
240,0.99,50,2000,150,10,5,0.25,0,50,2000,150,3,5,0.25,0,3,4,21000
9960,0.9,100,12000,150,2,5,1,0,80,12000,5,0,4,0.8,0,2,1,7450000
1848,0.99,50,2000,350,1,5,0.42,0,50,2000,350,0.1,5,0.42,0,1,6,420298
2040,0.99,60,3000,200,5,0,0.3,0,60,3000,200,1,0,0.3,0,1,2,325000
630,0.95,150,2000,1000,5,10,1,0,100,2000,50,0.5,5,0.67,0,3,9,490000
11880,0.823,6.4,16252,200,1,1,0,0,2,800,20,0,0,0,0,1,3,88487788
320,0.99,800,8000,40,0,600,0,0,64,118,1.6,0,72,0,0,2,1,923300
4320,0.9,100,1000,5,3,3,0.5,0,60,1000,5,0,2,0.3,0,2,3,1972000
7.5,1,530,20000,10,0,53,0,0,40,500,0.5,0,4,0,0,2,1,1380000
126,0.57,800,85000,100,0.1,1440,2,0,100,2500,10,0,600,0.25,0,1,3,3250000
26400,0.9,20,10000,2000,5,0,0,0,20,10000,200,0,0,0,0,2,1,17350000
87,0.86,600,40000,200,2,120,3,0,600,40000,200,0.1,120,3,0,1,3,366700
1340,0.54,50,5000,400,0.5,3,1,0,10,200,20,0,0.5,0.2,0,1,2,2295500
200,1,50,2000,160,15000,1,0.1,0,50,2000,160,1,1,0.1,0,2,6,882900
14000,0.98,100,2000,1000,5,1,0.5,0,60,2000,120,0,0.5,0.3,0,3,2,2975000
600,0.73,400,20000,1200,5500,20,2,40,40,800,2,0,8,0.2,0,1,3,10920000
960,0.75,45,3000,300,0.2,3,0.11,0,15,120,20,0,0.5,0.04,0,1,3,1153400
2625,0.8,2,60,5,0,0.2,0,0,1,5,1,0,0.1,0,0,1,2,1850000
7400,1,250,33000,660,0.7,25,0.63,0,200,3300,200,10,20,0.5,0,3,4,920000
1440,0.75,10,4000,150,1,2,0.05,0,2,100,5,0,0.2,0.01,0,2,2,1520000
594,0.9,40,5000,50,1,2,0.2,0,20,5000,50,0.1,2,0.1,0,1,3,335000
24,1,80,12000,200,0.4,0.8,0.16,0,20,1000,5,0,0.5,0.04,0,3,8,742500
600,0.5,150,2000,1000,0.5,10,1,0,20,50,5,0,2,0.13,0,2,9,520000
102,0.75,800,15000,5,0.1,850,0,0,100,400,0.5,0,100,0,0,2,1,467000
5000,0.9375,50,5000,100,5,5,0.5,0,20,100,8,0,3,0.2,0,2,4,8354610
300,1,700,17000,5,0,850,0,0,30,20,0,0,30,0,0,2,1,6337000
792,0.7,20,3200,50,0.5,2,0.04,0,5,120,5,0.1,1,0.01,0,1,6,497000
10700,0.75,1,2000,200,1,0,0.02,0,0.2,100,10,0,0,0,0,1,2,18955000
70,0.67,10,5500,100,5,0,0,0,2,200,1,0,0,0,0,2,1,489600
240,1,50,2000,1500,5,5,0.25,0,15,120,10,0,2,0.08,0,2,4,2645020
5280,0.9,60,3000,200,10,0,0.3,0,60,3000,200,0,0,0.3,0,1,3,3320000
200,0.75,1600,80000,400,20,80,8,0,100,3000,10,0,5,0.5,0,1,5,3450000
11,0.5,20,200,4,0.1,20,0.1,0,5,10,0.5,0,5,0.03,0,1,3,155000
30,0.5,2400,60000,35,0,2500,0,0,500,10000,10,0,500,0,0,3,1,525000
2640,0.9,45,3500,200,2,3,0.45,0,25,3500,200,0.1,1.5,0.25,0,3,6,1584000
300,0.675,200,3000,100,1,50,0,0,40,100,1,0,15,0,0,2,2,514000
135,0.96,800,8000,40,0,600,0,0,160,350,4,0,180,0,0,3,1,785800
6720,0.6,200,30000,500,1,0,0,0,30,1000,0.1,0,0,0,0,1,1,17420000
150,0.85,400,18000,1000,5500,30,2,40,300,12000,50,1,20,1.5,30,3,7,898000
55,0.57,35,2500,20,10,1,0.07,0,10,100,2,0,0.2,0.02,0,2,5,934045
20,1,1000,10000,2,0,200,0,0,200,300,0.1,0,100,0,0,2,1,1522000
5000,0.9688,50,5000,300,5,5,0.5,0,20,180,12,0,4,0.2,0,3,4,9638410
480,0.65,45,2500,800,5,0.5,0,0,5,100,1,0,0.1,0,0,3,6,692900
240,0.99,50,5200,50,0.1,2,0,0,30,5200,50,0,1,0,0,3,2,43000
2976,0.71,2,1000,100,0,0.8,0,0,1,4,1,0,0.1,0,0,1,2,4900000
96,0.8,400,20000,150,0.5,200,10,0,200,1000,20,0,100,5,0,2,1,4560000
9000,0.875,80,12000,150,0,4,0.8,0,35,633,0.3,0,1.6,0.35,0,2,1,15300000
7000,0.6,8,5000,50,0,0,0.04,0,2,200,2,0,0,0.01,0,2,2,4702500
540,0.99,800,8000,40,0,600,0,0,64,118,1.6,0,72,0,0,2,1,1168300
